Occupation Code (O*NET-SOC Code),Occupation Title,"AI Capability Gap Index (Reversed, norm.)",AI Capability Gap Index (Total),Language — Capability Gap,Social Interaction — Capability Gap,Problem Solving — Capability Gap,Creativity — Capability Gap,Metacognition & Critical Thinking — Capability Gap,"Knowledge, Learning & Memory — Capability Gap",Vision — Capability Gap,Manipulation — Capability Gap,Robotic Intelligence — Capability Gap
13-1081.02,Logistics Analysts,1.000000,0.000000,0.000000,0.000000,0.000000,0.000000,0.000000,0.000000,0.000000,0.000000,0.000000
13-1199.06,Online Merchants,1.000000,0.000000,0.000000,0.000000,0.000000,0.000000,0.000000,0.000000,0.000000,0.000000,0.000000
13-2041.00,Credit Analysts,1.000000,0.000000,0.000000,0.000000,0.000000,0.000000,0.000000,0.000000,0.000000,0.000000,0.000000
13-2053.00,Insurance Underwriters,1.000000,0.000000,0.000000,0.000000,0.000000,0.000000,0.000000,0.000000,0.000000,0.000000,0.000000
15-1243.01,Data Warehousing Specialists,1.000000,0.000000,0.000000,0.000000,0.000000,0.000000,0.000000,0.000000,0.000000,0.000000,0.000000
15-1299.01,Web Administrators,1.000000,0.000000,0.000000,0.000000,0.000000,0.000000,0.000000,0.000000,0.000000,0.000000,0.000000
15-2051.02,Clinical Data Managers,1.000000,0.000000,0.000000,0.000000,0.000000,0.000000,0.000000,0.000000,0.000000,0.000000,0.000000
15-2099.01,Bioinformatics Technicians,1.000000,0.000000,0.000000,0.000000,0.000000,0.000000,0.000000,0.000000,0.000000,0.000000,0.000000
17-3011.00,Architectural and Civil Drafters,1.000000,0.000000,0.000000,0.000000,0.000000,0.000000,0.000000,0.000000,0.000000,0.000000,0.000000
17-3012.00,Electrical and Electronics Drafters,1.000000,0.000000,0.000000,0.000000,0.000000,0.000000,0.000000,0.000000,0.000000,0.000000,0.000000
17-3013.00,Mechanical Drafters,1.000000,0.000000,0.000000,0.000000,0.000000,0.000000,0.000000,0.000000,0.000000,0.000000,0.000000
27-3092.00,Court Reporters and Simultaneous Captioners,1.000000,0.000000,0.000000,0.000000,0.000000,0.000000,0.000000,0.000000,0.000000,0.000000,0.000000
31-9094.00,Medical Transcriptionists,1.000000,0.000000,0.000000,0.000000,0.000000,0.000000,0.000000,0.000000,0.000000,0.000000,0.000000
41-3041.00,Travel Agents,1.000000,0.000000,0.000000,0.000000,0.000000,0.000000,0.000000,0.000000,0.000000,0.000000,0.000000
41-9041.00,Telemarketers,1.000000,0.000000,0.000000,0.000000,0.000000,0.000000,0.000000,0.000000,0.000000,0.000000,0.000000
43-2011.00,"Switchboard Operators, Including Answering Service",1.000000,0.000000,0.000000,0.000000,0.000000,0.000000,0.000000,0.000000,0.000000,0.000000,0.000000
43-2021.00,Telephone Operators,1.000000,0.000000,0.000000,0.000000,0.000000,0.000000,0.000000,0.000000,0.000000,0.000000,0.000000
43-3021.00,Billing and Posting Clerks,1.000000,0.000000,0.000000,0.000000,0.000000,0.000000,0.000000,0.000000,0.000000,0.000000,0.000000
43-3031.00,"Bookkeeping, Accounting, and Auditing Clerks",1.000000,0.000000,0.000000,0.000000,0.000000,0.000000,0.000000,0.000000,0.000000,0.000000,0.000000
43-3041.00,Gambling Cage Workers,1.000000,0.000000,0.000000,0.000000,0.000000,0.000000,0.000000,0.000000,0.000000,0.000000,0.000000
43-3051.00,Payroll and Timekeeping Clerks,1.000000,0.000000,0.000000,0.000000,0.000000,0.000000,0.000000,0.000000,0.000000,0.000000,0.000000
43-3061.00,Procurement Clerks,1.000000,0.000000,0.000000,0.000000,0.000000,0.000000,0.000000,0.000000,0.000000,0.000000,0.000000
43-3071.00,Tellers,1.000000,0.000000,0.000000,0.000000,0.000000,0.000000,0.000000,0.000000,0.000000,0.000000,0.000000
43-4011.00,Brokerage Clerks,1.000000,0.000000,0.000000,0.000000,0.000000,0.000000,0.000000,0.000000,0.000000,0.000000,0.000000
43-4021.00,Correspondence Clerks,1.000000,0.000000,0.000000,0.000000,0.000000,0.000000,0.000000,0.000000,0.000000,0.000000,0.000000
43-4031.00,"Court, Municipal, and License Clerks",1.000000,0.000000,0.000000,0.000000,0.000000,0.000000,0.000000,0.000000,0.000000,0.000000,0.000000
43-4041.00,"Credit Authorizers, Checkers, and Clerks",1.000000,0.000000,0.000000,0.000000,0.000000,0.000000,0.000000,0.000000,0.000000,0.000000,0.000000
43-4071.00,File Clerks,1.000000,0.000000,0.000000,0.000000,0.000000,0.000000,0.000000,0.000000,0.000000,0.000000,0.000000
43-4081.00,"Hotel, Motel, and Resort Desk Clerks",1.000000,0.000000,0.000000,0.000000,0.000000,0.000000,0.000000,0.000000,0.000000,0.000000,0.000000
43-4111.00,"Interviewers, Except Eligibility and Loan",1.000000,0.000000,0.000000,0.000000,0.000000,0.000000,0.000000,0.000000,0.000000,0.000000,0.000000
43-4131.00,Loan Interviewers and Clerks,1.000000,0.000000,0.000000,0.000000,0.000000,0.000000,0.000000,0.000000,0.000000,0.000000,0.000000
43-4141.00,New Accounts Clerks,1.000000,0.000000,0.000000,0.000000,0.000000,0.000000,0.000000,0.000000,0.000000,0.000000,0.000000
43-4151.00,Order Clerks,1.000000,0.000000,0.000000,0.000000,0.000000,0.000000,0.000000,0.000000,0.000000,0.000000,0.000000
43-4161.00,"Human Resources Assistants, Except Payroll and Timekeeping",1.000000,0.000000,0.000000,0.000000,0.000000,0.000000,0.000000,0.000000,0.000000,0.000000,0.000000
43-4181.00,Reservation and Transportation Ticket Agents and Travel Clerks,1.000000,0.000000,0.000000,0.000000,0.000000,0.000000,0.000000,0.000000,0.000000,0.000000,0.000000
43-5061.00,"Production, Planning, and Expediting Clerks",1.000000,0.000000,0.000000,0.000000,0.000000,0.000000,0.000000,0.000000,0.000000,0.000000,0.000000
43-5111.00,"Weighers, Measurers, Checkers, and Samplers, Recordkeeping",1.000000,0.000000,0.000000,0.000000,0.000000,0.000000,0.000000,0.000000,0.000000,0.000000,0.000000
43-6012.00,Legal Secretaries and Administrative Assistants,1.000000,0.000000,0.000000,0.000000,0.000000,0.000000,0.000000,0.000000,0.000000,0.000000,0.000000
43-6013.00,Medical Secretaries and Administrative Assistants,1.000000,0.000000,0.000000,0.000000,0.000000,0.000000,0.000000,0.000000,0.000000,0.000000,0.000000
43-6014.00,"Secretaries and Administrative Assistants, Except Legal, Medical, and Executive",1.000000,0.000000,0.000000,0.000000,0.000000,0.000000,0.000000,0.000000,0.000000,0.000000,0.000000
43-9021.00,Data Entry Keyers,1.000000,0.000000,0.000000,0.000000,0.000000,0.000000,0.000000,0.000000,0.000000,0.000000,0.000000
43-9022.00,Word Processors and Typists,1.000000,0.000000,0.000000,0.000000,0.000000,0.000000,0.000000,0.000000,0.000000,0.000000,0.000000
43-9031.00,Desktop Publishers,1.000000,0.000000,0.000000,0.000000,0.000000,0.000000,0.000000,0.000000,0.000000,0.000000,0.000000
43-9041.00,Insurance Claims and Policy Processing Clerks,1.000000,0.000000,0.000000,0.000000,0.000000,0.000000,0.000000,0.000000,0.000000,0.000000,0.000000
43-9061.00,"Office Clerks, General",1.000000,0.000000,0.000000,0.000000,0.000000,0.000000,0.000000,0.000000,0.000000,0.000000,0.000000
43-9081.00,Proofreaders and Copy Markers,1.000000,0.000000,0.000000,0.000000,0.000000,0.000000,0.000000,0.000000,0.000000,0.000000,0.000000
43-9111.00,Statistical Assistants,1.000000,0.000000,0.000000,0.000000,0.000000,0.000000,0.000000,0.000000,0.000000,0.000000,0.000000
51-9162.00,Computer Numerically Controlled Tool Programmers,1.000000,0.000000,0.000000,0.000000,0.000000,0.000000,0.000000,0.000000,0.000000,0.000000,0.000000
19-4012.01,Precision Agriculture Technicians,0.999262,0.016963,0.000000,0.000000,0.000000,0.000000,0.000000,0.000000,0.050000,0.000000,0.000000
27-1024.00,Graphic Designers,0.999200,0.018399,0.000000,0.000000,0.000000,0.000000,0.000000,0.000000,0.400000,0.000000,0.000000
13-2082.00,Tax Preparers,0.999183,0.018786,0.000000,0.000000,0.000000,0.000000,0.050000,0.000000,0.000000,0.000000,0.000000
43-5011.01,Freight Forwarders,0.999041,0.022054,0.000000,0.000000,0.000000,0.000000,0.050000,0.000000,0.000000,0.000000,0.000000
43-5032.00,"Dispatchers, Except Police, Fire, and Ambulance",0.998866,0.026087,0.000000,0.000000,0.050000,0.000000,0.000000,0.000000,0.000000,0.000000,0.000000
17-1022.01,Geodetic Surveyors,0.998830,0.026919,0.000000,0.000000,0.000000,0.000000,0.050000,0.000000,0.000000,0.000000,0.000000
15-1242.00,Database Administrators,0.998654,0.030956,0.000000,0.000000,0.000000,0.000000,0.050000,0.000000,0.000000,0.000000,0.000000
43-3011.00,Bill and Account Collectors,0.998644,0.031195,0.000000,0.050000,0.000000,0.000000,0.000000,0.000000,0.000000,0.000000,0.000000
15-1253.00,Software Quality Assurance Analysts and Testers,0.998596,0.032301,0.000000,0.000000,0.000000,0.000000,0.050000,0.000000,0.000000,0.000000,0.000000
17-2199.11,Solar Energy Systems Engineers,0.998543,0.033517,0.000000,0.000000,0.000000,0.000000,0.050000,0.000000,0.000000,0.000000,0.000000
23-2093.00,"Title Examiners, Abstractors, and Searchers",0.998144,0.042695,0.000000,0.000000,0.000000,0.000000,0.100000,0.000000,0.000000,0.000000,0.000000
15-1254.00,Web Developers,0.997648,0.054097,0.000000,0.000000,0.000000,0.000000,0.100000,0.000000,0.000000,0.000000,0.000000
43-4121.00,"Library Assistants, Clerical",0.997537,0.056659,0.000000,0.000000,0.000000,0.000000,0.000000,0.000000,0.000000,0.150000,0.000000
43-5071.00,"Shipping, Receiving, and Inventory Clerks",0.997496,0.057587,0.000000,0.000000,0.000000,0.000000,0.000000,0.000000,0.000000,0.050000,0.050000
19-4061.00,Social Science Research Assistants,0.997453,0.058577,0.000000,0.100000,0.000000,0.000000,0.050000,0.000000,0.000000,0.000000,0.000000
41-2021.00,Counter and Rental Clerks,0.996768,0.074332,0.000000,0.000000,0.000000,0.000000,0.000000,0.000000,0.000000,0.200000,0.000000
17-2072.01,Radio Frequency Identification Device Specialists,0.996749,0.074774,0.000000,0.000000,0.000000,0.000000,0.000000,0.000000,0.000000,0.200000,0.000000
17-1021.00,Cartographers and Photogrammetrists,0.996311,0.084851,0.000000,0.000000,0.000000,0.000000,0.000000,0.000000,0.900000,0.000000,0.000000
15-1299.03,Document Management Specialists,0.996296,0.085182,0.000000,0.000000,0.000000,0.000000,0.150000,0.000000,0.000000,0.000000,0.000000
43-4051.00,Customer Service Representatives,0.996188,0.087686,0.000000,0.150000,0.000000,0.000000,0.000000,0.000000,0.000000,0.000000,0.000000
19-4099.03,Remote Sensing Technicians,0.995993,0.092169,0.000000,0.000000,0.000000,0.000000,0.000000,0.000000,0.400000,0.000000,0.100000
43-4171.00,Receptionists and Information Clerks,0.995908,0.094123,0.000000,0.200000,0.000000,0.000000,0.000000,0.000000,0.000000,0.000000,0.000000
43-5051.00,Postal Service Clerks,0.995838,0.095724,0.000000,0.000000,0.000000,0.000000,0.000000,0.000000,0.000000,0.150000,0.000000
15-2051.01,Business Intelligence Analysts,0.994830,0.118899,0.000000,0.000000,0.000000,0.000000,0.250000,0.000000,0.000000,0.000000,0.000000
27-3042.00,Technical Writers,0.993963,0.138848,0.000000,0.000000,0.000000,0.000000,0.300000,0.000000,0.000000,0.000000,0.000000
17-3022.00,Civil Engineering Technologists and Technicians,0.993888,0.140573,0.000000,0.000000,0.000000,0.000000,0.000000,0.000000,0.300000,0.150000,0.050000
15-1299.02,Geographic Information Systems Technologists and Technicians,0.993612,0.146921,0.000000,0.000000,0.000000,0.000000,0.300000,0.000000,0.000000,0.000000,0.000000
13-2023.00,Appraisers and Assessors of Real Estate,0.992772,0.166240,0.000000,0.100000,0.000000,0.000000,0.250000,0.000000,0.000000,0.000000,0.000000
13-1032.00,"Insurance Appraisers, Auto Damage",0.992615,0.169845,0.000000,0.000000,0.000000,0.000000,0.000000,0.000000,0.500000,0.000000,0.000000
13-2081.00,"Tax Examiners and Collectors, and Revenue Agents",0.992189,0.179660,0.000000,0.000000,0.050000,0.000000,0.250000,0.000000,0.000000,0.000000,0.000000
43-9071.00,"Office Machine Operators, Except Computer",0.991985,0.184339,0.000000,0.000000,0.000000,0.000000,0.000000,0.000000,0.000000,0.300000,0.000000
13-1074.00,Farm Labor Contractors,0.991950,0.185146,0.000000,0.250000,0.250000,0.000000,0.000000,0.000000,0.000000,0.000000,0.000000
17-2051.02,Water/Wastewater Engineers,0.991607,0.193031,0.000000,0.000000,0.000000,0.000000,0.300000,0.000000,0.000000,0.000000,0.000000
41-2012.00,Gambling Change Persons and Booth Cashiers,0.991560,0.194127,0.000000,0.000000,0.000000,0.000000,0.000000,0.000000,0.000000,0.250000,0.100000
31-9095.00,Pharmacy Aides,0.991507,0.195333,0.000000,0.000000,0.000000,0.000000,0.000000,0.000000,0.000000,0.200000,0.300000
17-2112.02,Validation Engineers,0.991256,0.201104,0.000000,0.000000,0.000000,0.000000,0.300000,0.000000,0.000000,0.000000,0.000000
23-2011.00,Paralegals and Legal Assistants,0.990454,0.219549,0.000000,0.250000,0.000000,0.000000,0.250000,0.000000,0.000000,0.000000,0.000000
41-2031.00,Retail Salespersons,0.990177,0.225933,0.000000,0.000000,0.000000,0.000000,0.000000,0.000000,0.000000,0.400000,0.300000
51-6064.00,"Textile Winding, Twisting, and Drawing Out Machine Setters, Operators, and Tenders",0.989325,0.245525,0.000000,0.000000,0.000000,0.000000,0.000000,0.000000,0.000000,0.300000,0.000000
17-2199.10,Wind Energy Engineers,0.989219,0.247971,0.000000,0.000000,0.050000,0.000000,0.400000,0.000000,0.000000,0.000000,0.000000
41-2011.00,Cashiers,0.989101,0.250684,0.000000,0.000000,0.000000,0.000000,0.000000,0.000000,0.000000,0.400000,0.150000
15-1243.00,Database Architects,0.987611,0.284936,0.000000,0.000000,0.100000,0.000000,0.350000,0.000000,0.000000,0.000000,0.000000
29-2036.00,Medical Dosimetrists,0.987602,0.285148,0.000000,0.000000,0.000000,0.000000,0.000000,0.000000,0.350000,0.500000,0.000000
13-1051.00,Cost Estimators,0.987540,0.286585,0.000000,0.250000,0.000000,0.000000,0.350000,0.000000,0.000000,0.000000,0.000000
15-1251.00,Computer Programmers,0.987447,0.288723,0.000000,0.000000,0.050000,0.000000,0.450000,0.000000,0.000000,0.000000,0.000000
43-5011.00,Cargo and Freight Agents,0.987351,0.290931,0.000000,0.000000,0.000000,0.000000,0.000000,0.000000,0.000000,0.500000,0.450000
15-1244.00,Network and Computer Systems Administrators,0.987095,0.296807,0.000000,0.000000,0.250000,0.000000,0.150000,0.000000,0.000000,0.000000,0.000000
53-7063.00,Machine Feeders and Offbearers,0.986652,0.307007,0.000000,0.000000,0.000000,0.000000,0.000000,0.000000,0.000000,0.400000,0.000000
47-4011.01,Energy Auditors,0.985988,0.322269,0.000000,0.000000,0.000000,0.000000,0.000000,0.000000,0.000000,0.300000,0.350000
53-6041.00,Traffic Technicians,0.985895,0.324408,0.000000,0.000000,0.000000,0.000000,0.000000,0.000000,0.000000,0.250000,0.500000
15-1231.00,Computer Network Support Specialists,0.985720,0.328441,0.000000,0.000000,0.000000,0.000000,0.000000,0.000000,0.000000,0.650000,0.000000
17-3025.00,Environmental Engineering Technologists and Technicians,0.985704,0.328805,0.000000,0.000000,0.000000,0.000000,0.000000,0.000000,0.000000,0.400000,0.150000
39-3012.00,Gambling and Sports Book Writers and Runners,0.985691,0.329105,0.000000,0.100000,0.000000,0.000000,0.000000,0.000000,0.000000,0.350000,0.300000
51-3092.00,Food Batchmakers,0.985546,0.332450,0.000000,0.000000,0.000000,0.000000,0.000000,0.000000,0.000000,0.400000,0.150000
15-1232.00,Computer User Support Specialists,0.985489,0.333749,0.000000,0.000000,0.150000,0.000000,0.150000,0.000000,0.000000,0.300000,0.000000
33-9031.00,Gambling Surveillance Officers and Gambling Investigators,0.985268,0.338830,0.000000,0.000000,0.300000,0.000000,0.000000,0.000000,1.000000,0.000000,0.000000
19-1012.00,Food Scientists and Technologists,0.984115,0.365362,0.000000,0.000000,0.200000,0.000000,0.200000,0.100000,0.000000,0.000000,0.000000
31-9099.01,Speech-Language Pathology Assistants,0.983410,0.381574,0.000000,0.700000,0.000000,0.000000,0.000000,0.000000,0.000000,0.000000,0.000000
13-1041.00,Compliance Officers,0.983367,0.382570,0.000000,0.300000,0.050000,0.000000,0.300000,0.000000,0.000000,0.000000,0.000000
41-2022.00,Parts Salespersons,0.983165,0.387215,0.000000,0.000000,0.000000,0.000000,0.000000,0.000000,0.000000,0.550000,0.150000
39-3031.00,"Ushers, Lobby Attendants, and Ticket Takers",0.983147,0.387608,0.000000,0.300000,0.000000,0.000000,0.000000,0.000000,0.000000,0.000000,0.650000
53-1042.01,Recycling Coordinators,0.982970,0.391686,0.000000,0.050000,0.450000,0.000000,0.250000,0.000000,0.000000,0.000000,0.000000
51-9023.00,"Mixing and Blending Machine Setters, Operators, and Tenders",0.982758,0.396562,0.000000,0.000000,0.000000,0.000000,0.000000,0.000000,0.000000,0.450000,0.100000
25-4031.00,Library Technicians,0.982737,0.397047,0.000000,0.350000,0.050000,0.000000,0.000000,0.000000,0.000000,0.450000,0.350000
51-9192.00,"Cleaning, Washing, and Metal Pickling Equipment Operators and Tenders",0.982468,0.403232,0.000000,0.000000,0.000000,0.000000,0.000000,0.000000,0.000000,0.600000,0.000000
17-2121.00,Marine Engineers and Naval Architects,0.982264,0.407935,0.000000,0.000000,0.100000,0.000000,0.500000,0.000000,0.000000,0.000000,0.000000
39-3093.00,"Locker Room, Coatroom, and Dressing Room Attendants",0.982261,0.407998,0.000000,0.000000,0.000000,0.000000,0.000000,0.000000,0.000000,0.750000,0.700000
25-9044.00,"Teaching Assistants, Postsecondary",0.981956,0.415002,0.000000,0.700000,0.050000,0.000000,0.250000,0.000000,0.000000,0.000000,0.000000
19-3022.00,Survey Researchers,0.981914,0.415985,0.000000,0.350000,0.000000,0.000000,0.400000,0.000000,0.000000,0.000000,0.000000
13-1022.00,"Wholesale and Retail Buyers, Except Farm Products",0.981730,0.420219,0.000000,0.250000,0.250000,0.000000,0.150000,0.000000,0.000000,0.000000,0.000000
17-2112.00,Industrial Engineers,0.981622,0.422695,0.000000,0.050000,0.250000,0.000000,0.350000,0.000000,0.000000,0.000000,0.000000
19-4099.01,Quality Control Analysts,0.981596,0.423295,0.000000,0.000000,0.000000,0.000000,0.250000,0.000000,0.000000,0.500000,0.000000
15-1241.01,Telecommunications Engineering Specialists,0.981510,0.425279,0.000000,0.000000,0.300000,0.000000,0.500000,0.000000,0.000000,0.000000,0.000000
17-2199.05,Mechatronics Engineers,0.980890,0.439532,0.000000,0.000000,0.150000,0.000000,0.550000,0.000000,0.000000,0.000000,0.000000
45-2041.00,"Graders and Sorters, Agricultural Products",0.980614,0.445883,0.000000,0.000000,0.000000,0.000000,0.000000,0.000000,0.500000,0.700000,0.000000
53-6051.00,Transportation Inspectors,0.980438,0.449915,0.000000,0.000000,0.000000,0.000000,0.000000,0.000000,0.550000,0.000000,0.550000
13-2031.00,Budget Analysts,0.980359,0.451740,0.000000,0.250000,0.200000,0.000000,0.350000,0.000000,0.000000,0.000000,0.000000
27-4032.00,Film and Video Editors,0.980192,0.455591,0.000000,0.200000,0.250000,0.000000,0.500000,0.000000,0.950000,0.000000,0.000000
27-4014.00,Sound Engineering Technicians,0.979976,0.460547,0.000000,0.000000,0.000000,0.000000,0.000000,0.000000,0.000000,0.700000,0.000000
13-2072.00,Loan Officers,0.979710,0.466671,0.000000,0.600000,0.000000,0.000000,0.250000,0.000000,0.000000,0.000000,0.000000
53-7064.00,"Packers and Packagers, Hand",0.979616,0.468841,0.000000,0.000000,0.000000,0.000000,0.000000,0.000000,0.000000,0.700000,0.100000
29-2051.00,Dietetic Technicians,0.979432,0.473054,0.000000,0.050000,0.000000,0.000000,0.000000,0.000000,0.000000,0.850000,0.000000
51-8012.00,Power Distributors and Dispatchers,0.979101,0.480677,0.000000,0.000000,0.150000,0.000000,0.300000,0.000000,0.000000,0.350000,0.300000
17-2072.00,"Electronics Engineers, Except Computer",0.979018,0.482578,0.000000,0.000000,0.000000,0.000000,0.750000,0.000000,0.000000,0.000000,0.000000
43-9051.00,"Mail Clerks and Mail Machine Operators, Except Postal Service",0.978567,0.492959,0.000000,0.000000,0.000000,0.000000,0.000000,0.000000,0.000000,0.750000,0.000000
27-4012.00,Broadcast Technicians,0.978441,0.495855,0.000000,0.000000,0.000000,0.000000,0.000000,0.000000,0.000000,0.550000,0.250000
51-5111.00,Prepress Technicians and Workers,0.978125,0.503131,0.000000,0.000000,0.000000,0.000000,0.000000,0.000000,0.450000,0.800000,0.000000
19-4013.00,Food Science Technicians,0.977705,0.512789,0.000000,0.000000,0.000000,0.000000,0.000000,0.000000,0.000000,0.750000,0.250000
51-3093.00,Food Cooking Machine Operators and Tenders,0.977225,0.523821,0.000000,0.000000,0.000000,0.000000,0.000000,0.000000,0.000000,0.700000,0.100000
51-9111.00,Packaging and Filling Machine Operators and Tenders,0.977102,0.526660,0.000000,0.000000,0.000000,0.000000,0.000000,0.000000,0.000000,0.750000,0.000000
53-1041.00,Aircraft Cargo Handling Supervisors,0.977009,0.528798,0.000000,0.050000,0.000000,0.000000,0.000000,0.000000,0.000000,0.350000,0.400000
17-3026.00,Industrial Engineering Technologists and Technicians,0.976827,0.532990,0.000000,0.000000,0.000000,0.000000,0.000000,0.000000,0.000000,0.950000,0.350000
27-1014.00,Special Effects Artists and Animators,0.976793,0.533767,0.000000,0.000000,0.000000,0.000000,0.300000,0.000000,0.900000,0.650000,0.000000
29-2011.02,Cytotechnologists,0.975929,0.553624,0.000000,0.000000,0.000000,0.000000,0.000000,0.000000,1.000000,0.650000,0.000000
13-1161.01,Search Marketing Strategists,0.975591,0.561417,0.000000,0.050000,0.350000,0.000000,0.450000,0.000000,0.000000,0.000000,0.000000
37-1011.00,First-Line Supervisors of Housekeeping and Janitorial Workers,0.975588,0.561469,0.000000,0.500000,0.450000,0.000000,0.250000,0.000000,0.000000,0.000000,0.000000
29-2011.01,Cytogenetic Technologists,0.975190,0.570632,0.000000,0.000000,0.000000,0.000000,0.000000,0.000000,0.800000,0.850000,0.000000
25-4011.00,Archivists,0.975125,0.572127,0.000000,0.450000,0.350000,0.000000,0.550000,0.000000,0.000000,0.000000,0.000000
13-1041.07,Regulatory Affairs Specialists,0.974941,0.576355,0.000000,0.000000,0.150000,0.000000,0.750000,0.000000,0.000000,0.000000,0.000000
29-2099.01,Neurodiagnostic Technologists,0.974804,0.579500,0.000000,0.000000,0.000000,0.000000,0.000000,0.000000,0.000000,0.750000,0.250000
51-9191.00,Adhesive Bonding Machine Operators and Tenders,0.974232,0.592672,0.000000,0.000000,0.000000,0.000000,0.000000,0.000000,0.000000,0.700000,0.000000
19-4043.00,"Geological Technicians, Except Hydrologic Technicians",0.973535,0.608692,0.000000,0.000000,0.000000,0.000000,0.000000,0.000000,0.000000,0.450000,0.800000
43-4061.00,"Eligibility Interviewers, Government Programs",0.973402,0.611764,0.000000,0.650000,0.200000,0.000000,0.250000,0.000000,0.000000,0.000000,0.000000
43-5041.00,"Meter Readers, Utilities",0.973286,0.614414,0.000000,0.000000,0.000000,0.000000,0.000000,0.000000,0.000000,0.200000,0.800000
13-2011.00,Accountants and Auditors,0.972523,0.631980,0.000000,0.350000,0.200000,0.000000,0.550000,0.000000,0.000000,0.000000,0.000000
13-1161.00,Market Research Analysts and Marketing Specialists,0.972451,0.633633,0.000000,0.100000,0.350000,0.000000,0.550000,0.000000,0.000000,0.000000,0.000000
17-2061.00,Computer Hardware Engineers,0.972277,0.637625,0.000000,0.000000,0.000000,0.000000,0.650000,0.000000,0.000000,0.550000,0.000000
19-4042.00,"Environmental Science and Protection Technicians, Including Health",0.972219,0.638953,0.000000,0.000000,0.000000,0.000000,0.000000,0.000000,0.000000,0.550000,0.650000
53-6051.07,"Transportation Vehicle, Equipment and Systems Inspectors, Except Aviation",0.972014,0.643670,0.000000,0.000000,0.000000,0.000000,0.000000,0.000000,0.500000,0.400000,0.350000
39-3021.00,Motion Picture Projectionists,0.971477,0.656022,0.000000,0.000000,0.000000,0.000000,0.000000,0.000000,0.000000,1.000000,0.000000
41-4011.07,Solar Sales Representatives and Assessors,0.971347,0.659028,0.000000,0.800000,0.000000,0.000000,0.150000,0.000000,0.000000,0.000000,0.000000
17-2141.02,Automotive Engineers,0.971308,0.659920,0.000000,0.000000,0.200000,0.000000,0.700000,0.000000,0.000000,0.000000,0.000000
13-1021.00,"Buyers and Purchasing Agents, Farm Products",0.971113,0.664406,0.000000,0.700000,0.200000,0.000000,0.200000,0.000000,0.000000,0.000000,0.000000
13-1041.08,Customs Brokers,0.970968,0.667736,0.000000,0.400000,0.350000,0.000000,0.500000,0.000000,0.000000,0.000000,0.000000
51-3091.00,"Food and Tobacco Roasting, Baking, and Drying Machine Operators and Tenders",0.970827,0.670970,0.000000,0.000000,0.000000,0.000000,0.000000,0.000000,0.000000,0.950000,0.050000
53-1042.00,"First-Line Supervisors of Helpers, Laborers, and Material Movers, Hand",0.969913,0.692006,0.000000,0.500000,0.600000,0.000000,0.200000,0.000000,0.000000,0.000000,0.000000
53-4031.00,Railroad Conductors and Yardmasters,0.969476,0.702056,0.000000,0.100000,0.000000,0.000000,0.000000,0.000000,0.100000,0.000000,0.900000
25-3021.00,Self-Enrichment Teachers,0.969308,0.705919,0.000000,1.000000,0.600000,0.000000,0.150000,0.000000,0.000000,0.000000,0.000000
51-9193.00,Cooling and Freezing Equipment Operators and Tenders,0.969292,0.706286,0.000000,0.000000,0.000000,0.000000,0.000000,0.000000,0.000000,0.950000,0.050000
51-9198.00,Helpers--Production Workers,0.969283,0.706499,0.000000,0.000000,0.000000,0.000000,0.000000,0.000000,0.000000,0.950000,0.050000
51-9151.00,Photographic Process Workers and Processing Machine Operators,0.969279,0.706576,0.000000,0.000000,0.000000,0.000000,0.000000,0.000000,0.000000,1.000000,0.000000
43-6011.00,Executive Secretaries and Executive Administrative Assistants,0.969272,0.706736,0.000000,0.500000,0.450000,0.000000,0.550000,0.000000,0.000000,0.000000,0.000000
25-4022.00,Librarians and Media Collections Specialists,0.968901,0.715287,0.000000,0.750000,0.400000,0.000000,0.450000,0.000000,0.000000,0.000000,0.000000
41-9012.00,Models,0.968623,0.721672,0.000000,1.000000,0.000000,0.000000,0.000000,0.000000,0.450000,0.950000,0.950000
15-1241.00,Computer Network Architects,0.968259,0.730036,0.000000,0.000000,0.450000,0.000000,0.500000,0.000000,0.000000,0.000000,0.000000
51-9061.00,"Inspectors, Testers, Sorters, Samplers, and Weighers",0.967966,0.736780,0.000000,0.000000,0.000000,0.000000,0.000000,0.000000,0.800000,0.750000,0.150000
19-4021.00,Biological Technicians,0.967402,0.749755,0.000000,0.000000,0.000000,0.000000,0.000000,0.000000,0.000000,1.050000,0.200000
51-4193.00,"Plating Machine Setters, Operators, and Tenders, Metal and Plastic",0.967158,0.755367,0.000000,0.000000,0.000000,0.000000,0.000000,0.000000,0.000000,1.000000,0.050000
17-2071.00,Electrical Engineers,0.967102,0.756647,0.000000,0.000000,0.300000,0.000000,0.800000,0.000000,0.000000,0.000000,0.000000
39-3091.00,Amusement and Recreation Attendants,0.967086,0.757019,0.000000,0.000000,0.000000,0.000000,0.000000,0.000000,0.000000,0.900000,0.750000
13-2099.01,Financial Quantitative Analysts,0.966844,0.762587,0.000000,0.000000,0.250000,0.000000,0.900000,0.000000,0.000000,0.000000,0.000000
43-5053.00,"Postal Service Mail Sorters, Processors, and Processing Machine Operators",0.966719,0.765453,0.000000,0.000000,0.000000,0.000000,0.000000,0.000000,0.000000,0.950000,0.200000
35-9031.00,"Hosts and Hostesses, Restaurant, Lounge, and Coffee Shop",0.966216,0.777034,0.000000,1.000000,0.450000,0.000000,0.000000,0.000000,0.000000,0.000000,0.700000
51-6042.00,Shoe Machine Operators and Tenders,0.966125,0.779132,0.000000,0.000000,0.000000,0.000000,0.000000,0.000000,0.000000,1.000000,0.000000
53-7011.00,Conveyor Operators and Tenders,0.966096,0.779792,0.000000,0.000000,0.000000,0.000000,0.000000,0.000000,0.000000,1.050000,0.050000
29-2052.00,Pharmacy Technicians,0.965577,0.791727,0.000000,0.000000,0.000000,0.000000,0.000000,0.000000,0.000000,1.150000,0.250000
17-2141.00,Mechanical Engineers,0.965370,0.796500,0.000000,0.150000,0.400000,0.000000,0.650000,0.000000,0.000000,0.000000,0.000000
27-3043.00,Writers and Authors,0.964854,0.808360,0.500000,0.250000,0.150000,0.000000,0.500000,0.000000,0.000000,0.000000,0.000000
35-3023.00,Fast Food and Counter Workers,0.964818,0.809187,0.000000,0.000000,0.000000,0.000000,0.000000,0.000000,0.000000,1.100000,0.750000
29-1299.02,Orthoptists,0.964533,0.815751,0.000000,0.650000,0.000000,0.000000,0.250000,0.000000,1.000000,0.350000,0.000000
53-2022.00,Airfield Operations Specialists,0.964525,0.815917,0.000000,0.250000,0.550000,0.000000,0.500000,0.000000,0.000000,0.000000,0.000000
13-1081.01,Logistics Engineers,0.964347,0.820024,0.000000,0.000000,0.600000,0.000000,0.450000,0.000000,0.000000,0.000000,0.000000
51-9021.00,"Crushing, Grinding, and Polishing Machine Setters, Operators, and Tenders",0.964160,0.824325,0.000000,0.000000,0.000000,0.000000,0.000000,0.000000,0.000000,1.000000,0.000000
41-9011.00,Demonstrators and Product Promoters,0.964035,0.827197,0.000000,0.900000,0.050000,0.000000,0.000000,0.000000,0.000000,0.250000,0.700000
53-7065.00,Stockers and Order Fillers,0.963923,0.829778,0.000000,0.000000,0.000000,0.000000,0.000000,0.000000,0.000000,0.900000,0.500000
33-3041.00,Parking Enforcement Workers,0.963879,0.830794,0.000000,0.000000,0.000000,0.000000,0.000000,0.000000,0.350000,0.300000,1.000000
17-3023.00,Electrical and Electronic Engineering Technologists and Technicians,0.963777,0.833137,0.000000,0.000000,0.000000,0.000000,0.000000,0.000000,0.000000,1.250000,0.300000
11-3051.03,Biofuels Production Managers,0.963673,0.835517,0.000000,0.250000,0.400000,0.000000,0.700000,0.000000,0.000000,0.000000,0.000000
41-3021.00,Insurance Sales Agents,0.963653,0.835971,0.000000,1.000000,0.100000,0.000000,0.250000,0.000000,0.000000,0.000000,0.000000
19-2099.01,Remote Sensing Scientists and Technologists,0.963632,0.836453,0.000000,0.000000,0.350000,0.000000,0.600000,0.100000,0.850000,0.000000,0.000000
53-6061.00,Passenger Attendants,0.963506,0.839372,0.000000,0.150000,0.050000,0.000000,0.000000,0.000000,0.000000,0.900000,0.900000
51-6091.00,"Extruding and Forming Machine Setters, Operators, and Tenders, Synthetic and Glass Fibers",0.962875,0.853864,0.000000,0.000000,0.000000,0.000000,0.000000,0.000000,0.000000,1.100000,0.000000
51-9012.00,"Separating, Filtering, Clarifying, Precipitating, and Still Machine Setters, Operators, and Tenders",0.962851,0.854422,0.000000,0.000000,0.000000,0.000000,0.000000,0.000000,0.000000,1.000000,0.200000
27-2012.05,Media Technical Directors/Managers,0.962508,0.862315,0.000000,0.400000,0.350000,0.000000,0.350000,0.000000,0.800000,0.000000,0.000000
17-3026.01,Nanotechnology Engineering Technologists and Technicians,0.962190,0.869625,0.000000,0.000000,0.000000,0.000000,0.000000,0.000000,0.450000,1.150000,0.500000
21-1093.00,Social and Human Service Assistants,0.962008,0.873809,0.000000,0.750000,0.500000,0.000000,0.000000,0.000000,0.000000,0.000000,0.000000
35-2011.00,"Cooks, Fast Food",0.961894,0.876438,0.000000,0.000000,0.000000,0.000000,0.000000,0.000000,0.000000,1.150000,0.750000
39-7011.00,Tour Guides and Escorts,0.961845,0.877575,0.200000,1.000000,0.500000,0.000000,0.200000,0.000000,0.100000,0.000000,1.400000
29-1128.00,Exercise Physiologists,0.961573,0.883829,0.000000,0.650000,0.100000,0.000000,0.300000,0.000000,0.000000,0.300000,0.000000
17-2199.06,Microsystems Engineers,0.961344,0.889088,0.000000,0.000000,0.450000,0.000000,0.800000,0.050000,0.000000,0.000000,0.000000
13-1199.05,Sustainability Specialists,0.960938,0.898428,0.000000,0.050000,0.700000,0.000000,0.700000,0.000000,0.000000,0.000000,0.000000
51-4021.00,"Extruding and Drawing Machine Setters, Operators, and Tenders, Metal and Plastic",0.960880,0.899749,0.000000,0.000000,0.000000,0.000000,0.000000,0.000000,0.000000,1.000000,0.150000
15-2041.00,Statisticians,0.960695,0.904020,0.000000,0.000000,0.400000,0.000000,1.000000,0.150000,0.000000,0.000000,0.000000
51-9141.00,Semiconductor Processing Technicians,0.960413,0.910502,0.000000,0.000000,0.000000,0.000000,0.000000,0.000000,0.000000,1.000000,0.250000
19-5012.00,Occupational Health and Safety Technicians,0.960024,0.919439,0.000000,0.350000,0.100000,0.000000,0.300000,0.000000,0.000000,0.300000,1.100000
13-2071.00,Credit Counselors,0.959682,0.927325,0.000000,0.950000,0.150000,0.000000,0.350000,0.000000,0.000000,0.000000,0.000000
41-9091.00,"Door-to-Door Sales Workers, News and Street Vendors, and Related Workers",0.959603,0.929141,0.000000,0.950000,0.100000,0.000000,0.000000,0.000000,0.000000,0.250000,1.500000
19-4031.00,Chemical Technicians,0.959155,0.939437,0.000000,0.000000,0.000000,0.000000,0.000000,0.000000,0.000000,1.100000,0.350000
39-3011.00,Gambling Dealers,0.958865,0.946113,0.000000,0.000000,0.000000,0.000000,0.000000,0.000000,0.000000,1.200000,0.750000
51-6061.00,Textile Bleaching and Dyeing Machine Operators and Tenders,0.958805,0.947478,0.000000,0.000000,0.000000,0.000000,0.000000,0.000000,0.000000,1.150000,0.050000
17-3031.00,Surveying and Mapping Technicians,0.958603,0.952126,0.000000,0.000000,0.000000,0.000000,0.000000,0.000000,0.300000,0.750000,0.950000
51-4122.00,"Welding, Soldering, and Brazing Machine Setters, Operators, and Tenders",0.958563,0.953046,0.000000,0.000000,0.000000,0.000000,0.000000,0.000000,0.000000,1.000000,0.300000
43-5052.00,Postal Service Mail Carriers,0.957839,0.969714,0.000000,0.000000,0.000000,0.000000,0.000000,0.000000,0.100000,0.500000,1.200000
51-8093.00,"Petroleum Pump System Operators, Refinery Operators, and Gaugers",0.957793,0.970765,0.000000,0.000000,0.000000,0.000000,0.000000,0.000000,0.000000,0.650000,0.800000
11-9121.01,Clinical Research Coordinators,0.957751,0.971726,0.000000,0.750000,0.150000,0.000000,0.600000,0.000000,0.000000,0.000000,0.000000
17-2199.03,"Energy Engineers, Except Wind and Solar",0.957549,0.976368,0.000000,0.150000,0.500000,0.000000,0.700000,0.000000,0.000000,0.000000,0.000000
51-4032.00,"Drilling and Boring Machine Tool Setters, Operators, and Tenders, Metal and Plastic",0.957531,0.976795,0.000000,0.000000,0.000000,0.000000,0.000000,0.000000,0.000000,1.000000,0.300000
51-4033.00,"Grinding, Lapping, Polishing, and Buffing Machine Tool Setters, Operators, and Tenders, Metal and Plastic",0.957444,0.978782,0.000000,0.000000,0.000000,0.000000,0.000000,0.000000,0.000000,1.050000,0.100000
51-9196.00,"Paper Goods Machine Setters, Operators, and Tenders",0.957094,0.986833,0.000000,0.000000,0.000000,0.000000,0.000000,0.000000,0.000000,1.200000,0.200000
13-1071.00,Human Resources Specialists,0.956971,0.989660,0.000000,1.000000,0.450000,0.000000,0.250000,0.000000,0.000000,0.000000,0.000000
17-2051.01,Transportation Engineers,0.956695,0.996010,0.000000,0.400000,0.450000,0.000000,0.550000,0.000000,0.000000,0.000000,0.000000
17-2112.03,Manufacturing Engineers,0.956676,0.996460,0.000000,0.000000,0.650000,0.000000,0.550000,0.000000,0.000000,0.100000,0.100000
47-1011.03,Solar Energy Installation Managers,0.956647,0.997113,0.000000,0.400000,0.500000,0.000000,0.800000,0.000000,0.000000,0.000000,0.100000
35-3041.00,"Food Servers, Nonrestaurant",0.956469,1.001216,0.000000,0.000000,0.000000,0.000000,0.000000,0.000000,0.000000,1.200000,0.750000
53-1043.00,First-Line Supervisors of Material-Moving Machine and Vehicle Operators,0.956191,1.007617,0.000000,0.250000,0.350000,0.000000,0.250000,0.000000,0.000000,0.050000,1.100000
53-6021.00,Parking Attendants,0.955985,1.012341,0.000000,0.000000,0.000000,0.000000,0.000000,0.000000,0.100000,0.800000,0.800000
29-2033.00,Nuclear Medicine Technologists,0.955576,1.021759,0.000000,0.000000,0.000000,0.000000,0.000000,0.000000,0.050000,1.100000,0.700000
51-9032.00,"Cutting and Slicing Machine Setters, Operators, and Tenders",0.955441,1.024851,0.000000,0.000000,0.000000,0.000000,0.000000,0.000000,0.000000,1.100000,0.050000
47-4011.00,Construction and Building Inspectors,0.955418,1.025396,0.000000,0.100000,0.050000,0.000000,0.250000,0.000000,1.000000,0.250000,0.850000
19-2031.00,Chemists,0.955407,1.025650,0.000000,0.000000,0.150000,0.000000,0.250000,0.100000,0.000000,0.900000,0.350000
51-4034.00,"Lathe and Turning Machine Tool Setters, Operators, and Tenders, Metal and Plastic",0.955370,1.026493,0.000000,0.000000,0.000000,0.000000,0.000000,0.000000,0.000000,1.050000,0.250000
51-4035.00,"Milling and Planing Machine Setters, Operators, and Tenders, Metal and Plastic",0.955345,1.027061,0.000000,0.000000,0.000000,0.000000,0.000000,0.000000,0.000000,1.050000,0.250000
31-9092.00,Medical Assistants,0.955080,1.033151,0.000000,0.000000,0.000000,0.000000,0.000000,0.000000,0.050000,1.450000,0.750000
29-2081.00,"Opticians, Dispensing",0.954971,1.035666,0.000000,0.000000,0.000000,0.000000,0.000000,0.000000,0.100000,1.150000,0.550000
45-2011.00,Agricultural Inspectors,0.954819,1.039174,0.000000,0.000000,0.150000,0.000000,0.250000,0.000000,0.750000,0.350000,0.800000
29-2012.00,Medical and Clinical Laboratory Technicians,0.954779,1.040088,0.000000,0.000000,0.000000,0.000000,0.000000,0.000000,0.600000,1.200000,0.300000
25-3041.00,Tutors,0.954585,1.044545,0.050000,1.000000,0.200000,0.000000,0.450000,0.000000,0.000000,0.000000,0.000000
41-4012.00,"Sales Representatives, Wholesale and Manufacturing, Except Technical and Scientific Products",0.954550,1.045360,0.000000,1.000000,0.350000,0.000000,0.250000,0.000000,0.000000,0.000000,0.000000
39-4021.00,Funeral Attendants,0.954450,1.047644,0.000000,0.800000,0.000000,0.000000,0.000000,0.000000,0.000000,1.000000,1.000000
33-9091.00,Crossing Guards and Flaggers,0.953911,1.060043,0.000000,0.000000,0.000000,0.000000,0.000000,0.000000,1.050000,0.000000,1.450000
39-5093.00,Shampooers,0.953769,1.063323,0.000000,0.000000,0.000000,0.000000,0.000000,0.000000,0.000000,1.250000,0.950000
43-5031.00,Public Safety Telecommunicators,0.953553,1.068290,0.000000,0.750000,0.500000,0.000000,0.450000,0.000000,0.000000,0.000000,0.000000
41-1011.00,First-Line Supervisors of Retail Sales Workers,0.953397,1.071871,0.000000,0.800000,0.750000,0.000000,0.200000,0.000000,0.000000,0.050000,0.000000
51-9194.00,Etchers and Engravers,0.953174,1.077007,0.000000,0.000000,0.000000,0.000000,0.000000,0.000000,0.100000,1.250000,0.050000
13-1141.00,"Compensation, Benefits, and Job Analysis Specialists",0.953066,1.079492,0.000000,0.850000,0.600000,0.000000,0.500000,0.000000,0.000000,0.000000,0.000000
41-3031.00,"Securities, Commodities, and Financial Services Sales Agents",0.952816,1.085224,0.000000,1.000000,0.250000,0.000000,0.500000,0.000000,0.000000,0.000000,0.000000
51-4191.00,"Heat Treating Equipment Setters, Operators, and Tenders, Metal and Plastic",0.952506,1.092358,0.000000,0.000000,0.000000,0.000000,0.000000,0.000000,0.000000,1.000000,0.300000
51-9041.00,"Extruding, Forming, Pressing, and Compacting Machine Setters, Operators, and Tenders",0.952147,1.100615,0.000000,0.000000,0.000000,0.000000,0.000000,0.000000,0.000000,1.050000,0.300000
11-9179.01,Fitness and Wellness Coordinators,0.951934,1.105509,0.000000,1.000000,0.350000,0.000000,0.300000,0.000000,0.000000,0.000000,0.000000
51-9051.00,"Furnace, Kiln, Oven, Drier, and Kettle Operators and Tenders",0.951816,1.108239,0.000000,0.000000,0.000000,0.000000,0.000000,0.000000,0.000000,1.150000,0.450000
51-2021.00,"Coil Winders, Tapers, and Finishers",0.951776,1.109144,0.000000,0.000000,0.000000,0.000000,0.000000,0.000000,0.000000,1.250000,0.150000
29-2011.00,Medical and Clinical Laboratory Technologists,0.951410,1.117576,0.000000,0.000000,0.000000,0.000000,0.100000,0.000000,0.700000,1.200000,0.350000
15-2031.00,Operations Research Analysts,0.951205,1.122288,0.000000,0.050000,0.550000,0.000000,0.900000,0.000000,0.000000,0.000000,0.000000
19-1031.00,Conservation Scientists,0.951146,1.123645,0.000000,0.400000,0.850000,0.000000,0.400000,0.000000,0.100000,0.000000,0.200000
51-9197.00,Tire Builders,0.950930,1.128617,0.000000,0.000000,0.000000,0.000000,0.000000,0.000000,0.000000,1.200000,0.100000
41-4011.00,"Sales Representatives, Wholesale and Manufacturing, Technical and Scientific Products",0.950664,1.134721,0.000000,1.000000,0.150000,0.000000,0.250000,0.000000,0.000000,0.000000,0.000000
53-6011.00,Bridge and Lock Tenders,0.950217,1.145005,0.000000,0.000000,0.000000,0.000000,0.000000,0.000000,0.150000,0.850000,0.850000
19-4051.02,Nuclear Monitoring Technicians,0.950013,1.149701,0.000000,0.000000,0.000000,0.000000,0.000000,0.000000,0.000000,1.200000,0.950000
11-3051.04,Biomass Power Plant Managers,0.950003,1.149922,0.000000,0.150000,0.150000,0.000000,0.400000,0.000000,0.000000,0.850000,0.700000
11-9179.02,Spa Managers,0.949696,1.156986,0.000000,0.700000,0.450000,0.000000,0.350000,0.000000,0.000000,0.000000,0.000000
19-2021.00,Atmospheric and Space Scientists,0.949626,1.158613,0.000000,0.000000,0.450000,0.000000,0.900000,0.300000,0.000000,0.000000,0.000000
29-2035.00,Magnetic Resonance Imaging Technologists,0.949440,1.162889,0.000000,0.000000,0.000000,0.000000,0.000000,0.000000,0.100000,1.000000,0.750000
15-1212.00,Information Security Analysts,0.949238,1.167522,0.000000,0.050000,0.900000,0.000000,0.800000,0.000000,0.000000,0.000000,0.000000
35-2021.00,Food Preparation Workers,0.949002,1.172962,0.000000,0.000000,0.000000,0.000000,0.000000,0.000000,0.250000,1.500000,0.750000
33-9099.02,Retail Loss Prevention Specialists,0.948727,1.179285,0.000000,0.700000,0.700000,0.000000,0.500000,0.000000,0.300000,0.000000,0.000000
27-3011.00,Broadcast Announcers and Radio Disc Jockeys,0.948369,1.187519,0.500000,1.000000,0.450000,0.000000,0.100000,0.000000,0.000000,0.000000,0.000000
35-3023.01,Baristas,0.948298,1.189141,0.000000,0.000000,0.000000,0.000000,0.000000,0.000000,0.000000,1.150000,0.750000
51-6092.00,Fabric and Apparel Patternmakers,0.948127,1.193080,0.000000,0.000000,0.000000,0.000000,0.000000,0.000000,0.400000,1.450000,0.300000
29-2092.00,Hearing Aid Specialists,0.948110,1.193479,0.000000,0.150000,0.000000,0.000000,0.000000,0.000000,0.000000,1.350000,0.600000
15-1211.00,Computer Systems Analysts,0.948108,1.193515,0.000000,0.300000,0.550000,0.000000,1.050000,0.000000,0.000000,0.000000,0.000000
41-3011.00,Advertising Sales Agents,0.948072,1.194349,0.050000,1.000000,0.450000,0.000000,0.250000,0.000000,0.000000,0.000000,0.000000
17-2051.00,Civil Engineers,0.948061,1.194606,0.000000,0.000000,0.700000,0.000000,0.950000,0.000000,0.250000,0.000000,0.000000
17-2081.00,Environmental Engineers,0.948052,1.194805,0.000000,0.050000,0.850000,0.000000,0.750000,0.050000,0.000000,0.000000,0.000000
51-8013.00,Power Plant Operators,0.948030,1.195305,0.000000,0.000000,0.000000,0.000000,0.000000,0.000000,0.000000,1.000000,0.800000
51-9031.00,"Cutters and Trimmers, Hand",0.948019,1.195553,0.000000,0.000000,0.000000,0.000000,0.000000,0.000000,0.250000,1.450000,0.200000
35-9021.00,Dishwashers,0.947854,1.199363,0.000000,0.000000,0.000000,0.000000,0.000000,0.000000,0.000000,1.000000,0.750000
29-1051.00,Pharmacists,0.947796,1.200688,0.000000,0.550000,0.300000,0.000000,0.500000,0.000000,0.000000,0.500000,0.000000
15-2011.00,Actuaries,0.947667,1.203658,0.000000,0.250000,0.450000,0.000000,0.950000,0.000000,0.000000,0.000000,0.000000
51-7041.00,"Sawing Machine Setters, Operators, and Tenders, Wood",0.947633,1.204433,0.000000,0.000000,0.000000,0.000000,0.000000,0.000000,0.200000,1.200000,0.250000
35-9011.00,Dining Room and Cafeteria Attendants and Bartender Helpers,0.947598,1.205247,0.000000,0.000000,0.000000,0.000000,0.000000,0.000000,0.200000,1.350000,0.850000
11-3051.06,Hydroelectric Production Managers,0.946944,1.220296,0.000000,0.250000,0.650000,0.000000,0.950000,0.000000,0.000000,0.000000,0.000000
17-3021.00,Aerospace Engineering and Operations Technologists and Technicians,0.946914,1.220974,0.000000,0.000000,0.000000,0.000000,0.000000,0.000000,0.100000,1.300000,0.750000
25-3011.00,"Adult Basic Education, Adult Secondary Education, and English as a Second Language Instructors",0.946853,1.222392,0.100000,1.000000,0.550000,0.000000,0.450000,0.000000,0.000000,0.000000,0.000000
29-2099.05,Ophthalmic Medical Technologists,0.946787,1.223907,0.000000,0.000000,0.000000,0.000000,0.000000,0.000000,1.000000,1.400000,0.750000
29-2057.00,Ophthalmic Medical Technicians,0.946645,1.227163,0.000000,0.000000,0.000000,0.000000,0.000000,0.000000,0.750000,1.500000,0.750000
51-4031.00,"Cutting, Punching, and Press Machine Setters, Operators, and Tenders, Metal and Plastic",0.946403,1.232736,0.000000,0.000000,0.000000,0.000000,0.000000,0.000000,0.000000,1.250000,0.250000
51-8092.00,Gas Plant Operators,0.946244,1.236377,0.000000,0.000000,0.000000,0.000000,0.000000,0.000000,0.000000,1.050000,0.800000
51-9161.00,Computer Numerically Controlled Tool Operators,0.946174,1.238006,0.000000,0.000000,0.000000,0.000000,0.000000,0.000000,0.000000,1.050000,0.500000
39-6012.00,Concierges,0.945804,1.246508,0.000000,1.000000,0.950000,0.000000,0.250000,0.000000,0.000000,0.100000,0.500000
45-4023.00,Log Graders and Scalers,0.945717,1.248517,0.000000,0.000000,0.000000,0.000000,0.000000,0.000000,0.500000,0.850000,0.950000
51-4072.00,"Molding, Coremaking, and Casting Machine Setters, Operators, and Tenders, Metal and Plastic",0.945650,1.250058,0.000000,0.000000,0.000000,0.000000,0.000000,0.000000,0.000000,1.200000,0.300000
13-1031.00,"Claims Adjusters, Examiners, and Investigators",0.945087,1.262988,0.000000,0.800000,0.700000,0.000000,0.550000,0.000000,0.000000,0.000000,0.000000
51-8031.00,Water and Wastewater Treatment Plant and System Operators,0.944660,1.272816,0.000000,0.000000,0.000000,0.000000,0.000000,0.000000,0.000000,1.250000,0.750000
13-1023.00,"Purchasing Agents, Except Wholesale, Retail, and Farm Products",0.944036,1.287171,0.000000,0.950000,0.450000,0.000000,0.400000,0.000000,0.000000,0.000000,0.000000
41-9022.00,Real Estate Sales Agents,0.943692,1.295086,0.000000,1.000000,0.700000,0.000000,0.250000,0.000000,0.000000,0.000000,0.000000
29-1031.00,Dietitians and Nutritionists,0.943671,1.295577,0.000000,1.000000,0.150000,0.000000,0.450000,0.050000,0.000000,0.000000,0.000000
33-9093.00,Transportation Security Screeners,0.943467,1.300268,0.000000,0.250000,0.100000,0.000000,0.000000,0.000000,0.900000,0.750000,0.750000
27-1022.00,Fashion Designers,0.943429,1.301129,0.000000,0.250000,0.300000,0.050000,0.100000,0.000000,0.750000,1.400000,0.000000
11-9051.00,Food Service Managers,0.943282,1.304520,0.000000,1.000000,0.750000,0.000000,0.300000,0.000000,0.000000,0.000000,0.000000
15-2041.01,Biostatisticians,0.942668,1.318646,0.000000,0.000000,0.500000,0.000000,0.950000,0.350000,0.000000,0.000000,0.000000
51-3011.00,Bakers,0.942611,1.319956,0.000000,0.000000,0.000000,0.000000,0.000000,0.000000,0.200000,1.400000,0.800000
51-6063.00,"Textile Knitting and Weaving Machine Setters, Operators, and Tenders",0.942484,1.322879,0.000000,0.000000,0.000000,0.000000,0.000000,0.000000,0.000000,1.300000,0.300000
11-9171.00,Funeral Home Managers,0.942342,1.326131,0.000000,1.100000,0.750000,0.000000,0.250000,0.000000,0.000000,0.000000,0.000000
51-2022.00,Electrical and Electronic Equipment Assemblers,0.942327,1.326480,0.000000,0.000000,0.000000,0.000000,0.000000,0.000000,0.150000,1.500000,0.250000
51-5112.00,Printing Press Operators,0.942216,1.329042,0.000000,0.000000,0.000000,0.000000,0.000000,0.000000,0.000000,1.200000,0.650000
11-3051.02,Geothermal Production Managers,0.942194,1.329534,0.000000,0.250000,0.550000,0.000000,0.750000,0.000000,0.000000,0.500000,0.100000
25-9042.00,"Teaching Assistants, Preschool, Elementary, Middle, and Secondary School, Except Special Education",0.942108,1.331516,0.000000,1.000000,0.450000,0.000000,0.000000,0.000000,0.500000,0.350000,1.250000
27-4021.00,Photographers,0.941999,1.334030,0.000000,0.000000,0.000000,0.000000,0.000000,0.000000,1.100000,0.900000,0.700000
17-2021.00,Agricultural Engineers,0.941982,1.334424,0.000000,0.300000,0.800000,0.000000,0.800000,0.000000,0.000000,0.000000,0.000000
19-4051.00,Nuclear Technicians,0.941704,1.340815,0.000000,0.000000,0.000000,0.000000,0.000000,0.000000,0.000000,1.250000,0.750000
27-1023.00,Floral Designers,0.941645,1.342160,0.000000,0.000000,0.000000,0.000000,0.000000,0.000000,0.750000,1.500000,0.750000
43-5021.00,Couriers and Messengers,0.941524,1.344950,0.000000,0.000000,0.000000,0.000000,0.000000,0.000000,0.150000,0.550000,1.300000
37-2011.00,"Janitors and Cleaners, Except Maids and Housekeeping Cleaners",0.941358,1.348755,0.000000,0.000000,0.000000,0.000000,0.000000,0.000000,0.250000,1.400000,0.850000
51-6062.00,"Textile Cutting Machine Setters, Operators, and Tenders",0.941333,1.349334,0.000000,0.000000,0.000000,0.000000,0.000000,0.000000,0.000000,1.500000,0.250000
51-9123.00,"Painting, Coating, and Decorating Workers",0.941240,1.351471,0.000000,0.000000,0.000000,0.000000,0.000000,0.000000,0.500000,1.500000,0.500000
51-5113.00,Print Binding and Finishing Workers,0.941070,1.355385,0.000000,0.000000,0.000000,0.000000,0.000000,0.000000,0.100000,1.400000,0.350000
31-2012.00,Occupational Therapy Aides,0.941066,1.355493,0.000000,0.250000,0.000000,0.000000,0.000000,0.000000,0.000000,1.200000,1.250000
23-1012.00,Judicial Law Clerks,0.940945,1.358261,0.000000,0.500000,0.400000,0.000000,0.850000,0.450000,0.000000,0.000000,0.000000
33-9032.00,Security Guards,0.940477,1.369040,0.000000,0.450000,0.500000,0.000000,0.000000,0.000000,0.500000,0.350000,1.400000
19-4012.00,Agricultural Technicians,0.940466,1.369292,0.000000,0.000000,0.000000,0.000000,0.000000,0.000000,0.300000,1.250000,0.850000
29-2011.04,Histotechnologists,0.940207,1.375249,0.000000,0.000000,0.000000,0.000000,0.000000,0.000000,1.000000,1.550000,0.300000
11-3051.01,Quality Control Systems Managers,0.940204,1.375304,0.000000,0.500000,0.700000,0.000000,0.750000,0.000000,0.000000,0.000000,0.000000
11-9121.02,Water Resource Specialists,0.940159,1.376338,0.000000,0.300000,0.650000,0.000000,0.750000,0.300000,0.000000,0.000000,0.000000
51-6011.00,Laundry and Dry-Cleaning Workers,0.940095,1.377825,0.000000,0.000000,0.000000,0.000000,0.000000,0.000000,0.400000,1.450000,0.700000
27-1025.00,Interior Designers,0.939582,1.389619,0.000000,0.900000,0.450000,0.000000,0.550000,0.000000,0.500000,0.000000,0.000000
13-2061.00,Financial Examiners,0.939498,1.391555,0.000000,0.200000,0.800000,0.000000,0.850000,0.000000,0.000000,0.000000,0.000000
33-3011.00,Bailiffs,0.939467,1.392258,0.000000,0.650000,0.600000,0.000000,0.000000,0.000000,0.350000,0.550000,1.500000
17-3027.00,Mechanical Engineering Technologists and Technicians,0.939245,1.397366,0.000000,0.000000,0.000000,0.000000,0.000000,0.000000,0.050000,1.350000,0.800000
51-9195.00,"Molders, Shapers, and Casters, Except Metal and Plastic",0.939157,1.399392,0.000000,0.000000,0.000000,0.000000,0.000000,0.000000,0.000000,1.400000,0.400000
27-2023.00,"Umpires, Referees, and Other Sports Officials",0.938923,1.404764,0.000000,1.000000,0.850000,0.000000,0.200000,0.000000,1.450000,0.000000,0.050000
53-2021.00,Air Traffic Controllers,0.938603,1.412135,0.000000,0.200000,0.700000,0.000000,0.850000,0.000000,0.000000,0.000000,0.000000
11-3013.00,Facilities Managers,0.938115,1.423359,0.000000,0.500000,0.850000,0.000000,1.000000,0.000000,0.000000,0.000000,0.000000
51-7042.00,"Woodworking Machine Setters, Operators, and Tenders, Except Sawing",0.938036,1.425167,0.000000,0.000000,0.000000,0.000000,0.000000,0.000000,0.000000,1.350000,0.500000
21-1091.00,Health Education Specialists,0.937974,1.426606,0.000000,0.800000,0.750000,0.000000,0.750000,0.000000,0.000000,0.000000,0.000000
39-1022.00,First-Line Supervisors of Personal Service Workers,0.937534,1.436708,0.000000,1.000000,0.800000,0.000000,0.350000,0.000000,0.000000,0.000000,0.000000
53-7072.00,"Pump Operators, Except Wellhead Pumpers",0.937402,1.439749,0.000000,0.000000,0.000000,0.000000,0.000000,0.000000,0.000000,1.200000,0.850000
17-2011.00,Aerospace Engineers,0.936963,1.449857,0.000000,0.000000,0.800000,0.000000,0.950000,0.200000,0.000000,0.000000,0.000000
51-2092.00,Team Assemblers,0.936945,1.450265,0.000000,0.000000,0.000000,0.000000,0.000000,0.000000,0.150000,1.350000,0.600000
11-9141.00,"Property, Real Estate, and Community Association Managers",0.936884,1.451668,0.000000,1.000000,0.950000,0.000000,0.750000,0.000000,0.000000,0.150000,0.000000
11-3012.00,Administrative Services Managers,0.936737,1.455052,0.000000,0.750000,0.750000,0.000000,1.000000,0.000000,0.000000,0.000000,0.000000
27-1021.00,Commercial and Industrial Designers,0.936399,1.462818,0.000000,0.450000,1.000000,0.000000,1.000000,0.000000,0.500000,0.000000,0.000000
35-2015.00,"Cooks, Short Order",0.936218,1.466988,0.000000,0.000000,0.000000,0.000000,0.000000,0.000000,0.400000,1.400000,1.100000
17-3027.01,Automotive Engineering Technicians,0.936215,1.467065,0.000000,0.000000,0.000000,0.000000,0.000000,0.000000,0.000000,1.450000,0.750000
27-2041.00,Music Directors and Composers,0.936184,1.467760,0.000000,1.050000,0.600000,0.250000,0.650000,0.000000,0.000000,0.000000,0.000000
53-4011.00,Locomotive Engineers,0.936171,1.468066,0.000000,0.000000,0.000000,0.000000,0.000000,0.000000,0.300000,0.000000,1.350000
17-2171.00,Petroleum Engineers,0.936088,1.469970,0.000000,0.150000,0.850000,0.000000,0.950000,0.000000,0.000000,0.000000,0.000000
17-2041.00,Chemical Engineers,0.935677,1.479427,0.000000,0.000000,0.850000,0.000000,0.900000,0.150000,0.000000,0.000000,0.000000
17-2199.07,Photonics Engineers,0.935306,1.487958,0.000000,0.000000,0.750000,0.000000,0.750000,0.200000,0.000000,0.700000,0.000000
29-2099.08,Patient Representatives,0.935279,1.488585,0.000000,1.000000,0.850000,0.000000,0.350000,0.000000,0.000000,0.000000,0.000000
15-1299.08,Computer Systems Engineers/Architects,0.935252,1.489197,0.000000,0.000000,0.900000,0.000000,1.150000,0.000000,0.000000,0.000000,0.000000
19-2043.00,Hydrologists,0.935206,1.490271,0.000000,0.200000,0.850000,0.000000,0.950000,0.200000,0.000000,0.000000,0.000000
41-1012.00,First-Line Supervisors of Non-Retail Sales Workers,0.935014,1.494672,0.000000,1.000000,0.650000,0.000000,0.350000,0.000000,0.000000,0.000000,0.000000
27-1026.00,Merchandise Displayers and Window Trimmers,0.934911,1.497045,0.000000,0.000000,0.000000,0.000000,0.000000,0.000000,0.850000,1.500000,0.800000
53-4041.00,Subway and Streetcar Operators,0.934809,1.499382,0.000000,0.000000,0.000000,0.000000,0.000000,0.000000,0.700000,0.000000,1.100000
51-9083.00,Ophthalmic Laboratory Technicians,0.934799,1.499630,0.000000,0.000000,0.000000,0.000000,0.000000,0.000000,0.000000,1.700000,0.100000
39-9041.00,Residential Advisors,0.934610,1.503966,0.000000,1.000000,0.800000,0.000000,0.250000,0.000000,0.000000,0.000000,0.450000
17-1022.00,Surveyors,0.934528,1.505863,0.000000,0.000000,0.000000,0.000000,0.200000,0.000000,0.750000,0.750000,1.300000
53-7071.00,Gas Compressor and Gas Pumping Station Operators,0.934519,1.506054,0.000000,0.000000,0.000000,0.000000,0.000000,0.000000,0.000000,1.150000,0.550000
11-9131.00,Postmasters and Mail Superintendents,0.934495,1.506622,0.000000,0.900000,0.600000,0.000000,0.700000,0.000000,0.000000,0.000000,0.000000
53-7061.00,Cleaners of Vehicles and Equipment,0.934472,1.507155,0.000000,0.000000,0.000000,0.000000,0.000000,0.000000,0.000000,1.400000,0.950000
53-7031.00,Dredge Operators,0.934458,1.507474,0.000000,0.000000,0.000000,0.000000,0.000000,0.000000,0.000000,0.750000,1.150000
27-4011.00,Audio and Video Technicians,0.934296,1.511194,0.000000,0.000000,0.200000,0.000000,0.050000,0.000000,0.450000,1.300000,1.000000
51-8011.00,Nuclear Power Reactor Operators,0.934187,1.513707,0.000000,0.000000,0.600000,0.000000,0.750000,0.000000,0.000000,0.150000,1.000000
53-6031.00,Automotive and Watercraft Service Attendants,0.933975,1.518584,0.000000,0.000000,0.000000,0.000000,0.000000,0.000000,0.150000,1.400000,0.750000
31-9093.00,Medical Equipment Preparers,0.933909,1.520104,0.000000,0.000000,0.000000,0.000000,0.000000,0.000000,0.000000,1.250000,1.050000
39-2021.00,Animal Caretakers,0.933707,1.524740,0.000000,0.050000,0.200000,0.000000,0.000000,0.000000,0.550000,1.600000,1.600000
47-3014.00,"Helpers--Painters, Paperhangers, Plasterers, and Stucco Masons",0.933635,1.526404,0.000000,0.000000,0.000000,0.000000,0.000000,0.000000,0.150000,1.350000,0.800000
11-3051.00,Industrial Production Managers,0.933516,1.529141,0.000000,0.250000,0.750000,0.000000,1.150000,0.000000,0.000000,0.000000,0.000000
39-9032.00,Recreation Workers,0.933416,1.531425,0.000000,1.000000,0.500000,0.000000,0.200000,0.000000,0.000000,0.250000,1.250000
13-1131.00,Fundraisers,0.933382,1.532222,0.050000,1.050000,0.500000,0.000000,0.450000,0.000000,0.000000,0.000000,0.000000
13-1041.01,Environmental Compliance Inspectors,0.933333,1.533349,0.000000,0.350000,0.550000,0.000000,0.600000,0.000000,0.150000,0.350000,1.050000
37-2012.00,Maids and Housekeeping Cleaners,0.933197,1.536467,0.000000,0.000000,0.000000,0.000000,0.000000,0.000000,0.750000,1.750000,1.650000
51-9011.00,Chemical Equipment Operators and Tenders,0.932716,1.547540,0.000000,0.000000,0.000000,0.000000,0.000000,0.000000,0.000000,1.200000,0.900000
31-9096.00,Veterinary Assistants and Laboratory Animal Caretakers,0.932404,1.554705,0.000000,0.000000,0.000000,0.000000,0.000000,0.000000,0.350000,1.500000,1.150000
17-2131.00,Materials Engineers,0.931966,1.564792,0.000000,0.350000,0.900000,0.000000,0.950000,0.200000,0.000000,0.000000,0.000000
39-5092.00,Manicurists and Pedicurists,0.931846,1.567550,0.000000,0.000000,0.000000,0.000000,0.000000,0.000000,0.550000,1.750000,1.250000
49-2011.00,"Computer, Automated Teller, and Office Machine Repairers",0.931789,1.568858,0.000000,0.000000,0.000000,0.000000,0.000000,0.000000,0.050000,1.500000,1.000000
51-8013.03,Biomass Plant Technicians,0.931693,1.571054,0.000000,0.000000,0.000000,0.000000,0.000000,0.000000,0.000000,1.250000,0.950000
27-3091.00,Interpreters and Translators,0.931603,1.573134,0.750000,0.800000,0.650000,0.000000,0.700000,0.000000,0.000000,0.000000,0.000000
29-2031.00,Cardiovascular Technologists and Technicians,0.931584,1.573578,0.000000,0.050000,0.000000,0.000000,0.000000,0.000000,0.400000,1.500000,0.950000
41-9021.00,Real Estate Brokers,0.931476,1.576053,0.000000,1.000000,0.950000,0.000000,0.850000,0.000000,0.000000,0.000000,0.000000
51-6031.00,Sewing Machine Operators,0.931441,1.576862,0.000000,0.000000,0.000000,0.000000,0.000000,0.000000,0.100000,1.700000,0.150000
39-6011.00,Baggage Porters and Bellhops,0.931347,1.579027,0.000000,0.250000,0.050000,0.000000,0.000000,0.000000,0.050000,1.300000,1.250000
19-5011.00,Occupational Health and Safety Specialists,0.931168,1.583144,0.000000,0.400000,0.750000,0.000000,0.650000,0.000000,0.100000,0.500000,0.400000
17-2151.00,"Mining and Geological Engineers, Including Mining Safety Engineers",0.931126,1.584108,0.000000,0.100000,0.950000,0.000000,1.000000,0.000000,0.100000,0.000000,0.000000
53-7062.00,"Laborers and Freight, Stock, and Material Movers, Hand",0.930881,1.589746,0.000000,0.000000,0.000000,0.000000,0.000000,0.000000,0.200000,1.450000,0.750000
27-2031.00,Dancers,0.930746,1.592843,0.000000,1.000000,0.000000,0.000000,0.300000,0.000000,0.700000,0.000000,2.000000
31-9099.02,Endoscopy Technicians,0.930666,1.594693,0.000000,0.000000,0.000000,0.000000,0.000000,0.000000,0.250000,1.500000,0.750000
31-2022.00,Physical Therapist Aides,0.930507,1.598339,0.000000,0.000000,0.000000,0.000000,0.000000,0.000000,0.250000,1.900000,1.350000
51-8021.00,Stationary Engineers and Boiler Operators,0.930386,1.601118,0.000000,0.000000,0.000000,0.000000,0.000000,0.000000,0.000000,1.350000,1.000000
17-1012.00,Landscape Architects,0.930018,1.609591,0.000000,0.650000,0.900000,0.000000,0.750000,0.000000,0.050000,0.000000,0.000000
49-2097.00,Audiovisual Equipment Installers and Repairers,0.929931,1.611583,0.000000,0.000000,0.000000,0.000000,0.000000,0.000000,0.000000,1.400000,1.300000
51-8091.00,Chemical Plant and System Operators,0.929663,1.617759,0.000000,0.000000,0.000000,0.000000,0.000000,0.000000,0.000000,1.250000,1.000000
51-2023.00,Electromechanical Equipment Assemblers,0.929483,1.621887,0.000000,0.000000,0.000000,0.000000,0.000000,0.000000,0.050000,1.750000,0.300000
21-1094.00,Community Health Workers,0.929393,1.623965,0.000000,1.000000,0.750000,0.000000,0.450000,0.000000,0.000000,0.000000,0.100000
49-1011.00,"First-Line Supervisors of Mechanics, Installers, and Repairers",0.929365,1.624601,0.000000,1.000000,0.750000,0.000000,0.950000,0.000000,0.000000,0.000000,0.000000
31-9091.00,Dental Assistants,0.929118,1.630286,0.000000,0.000000,0.000000,0.000000,0.000000,0.000000,0.500000,1.750000,0.900000
51-8099.01,Biofuels Processing Technicians,0.929073,1.631310,0.000000,0.000000,0.000000,0.000000,0.000000,0.000000,0.000000,1.250000,0.850000
11-9199.11,Brownfield Redevelopment Specialists and Site Managers,0.928539,1.643593,0.000000,0.350000,0.800000,0.000000,1.050000,0.000000,0.000000,0.000000,0.000000
39-1013.00,First-Line Supervisors of Gambling Services Workers,0.928333,1.648343,0.000000,1.000000,0.750000,0.000000,0.250000,0.000000,0.550000,0.000000,0.750000
49-3093.00,Tire Repairers and Changers,0.927987,1.656310,0.000000,0.000000,0.000000,0.000000,0.000000,0.000000,0.000000,1.550000,0.700000
17-3029.08,Photonics Technicians,0.927982,1.656420,0.000000,0.000000,0.000000,0.000000,0.000000,0.000000,0.400000,1.750000,0.750000
29-1124.00,Radiation Therapists,0.927970,1.656684,0.000000,0.150000,0.000000,0.000000,0.000000,0.000000,0.250000,1.300000,0.900000
27-2042.00,Musicians and Singers,0.927788,1.660869,0.000000,1.000000,0.000000,0.100000,0.300000,0.000000,0.000000,1.550000,0.050000
19-3092.00,Geographers,0.927434,1.669028,0.000000,0.150000,1.150000,0.000000,0.950000,0.250000,0.150000,0.000000,0.200000
11-3071.00,"Transportation, Storage, and Distribution Managers",0.927085,1.677055,0.000000,0.500000,0.950000,0.000000,1.000000,0.000000,0.000000,0.000000,0.000000
19-1031.03,Park Naturalists,0.927047,1.677919,0.000000,1.000000,0.550000,0.000000,0.300000,0.000000,0.250000,0.250000,1.200000
17-3029.01,Non-Destructive Testing Specialists,0.926872,1.681936,0.000000,0.000000,0.000000,0.000000,0.100000,0.000000,0.950000,1.150000,0.900000
37-3012.00,"Pesticide Handlers, Sprayers, and Applicators, Vegetation",0.926532,1.689761,0.000000,0.000000,0.000000,0.000000,0.000000,0.000000,0.250000,1.200000,1.150000
51-6021.00,"Pressers, Textile, Garment, and Related Materials",0.925796,1.706694,0.000000,0.000000,0.000000,0.000000,0.000000,0.000000,0.150000,1.750000,0.400000
29-2032.00,Diagnostic Medical Sonographers,0.925747,1.707823,0.000000,0.050000,0.000000,0.000000,0.050000,0.000000,1.000000,1.400000,1.050000
39-5094.00,Skincare Specialists,0.925595,1.711309,0.000000,0.400000,0.000000,0.000000,0.000000,0.000000,0.750000,1.650000,1.150000
11-9199.09,Wind Energy Operations Managers,0.925255,1.719126,0.000000,0.750000,0.850000,0.000000,1.000000,0.000000,0.000000,0.000000,0.000000
51-9071.06,Gem and Diamond Workers,0.925213,1.720098,0.000000,0.000000,0.000000,0.000000,0.000000,0.000000,1.000000,1.850000,0.500000
35-2012.00,"Cooks, Institution and Cafeteria",0.925089,1.722956,0.000000,0.000000,0.000000,0.000000,0.000000,0.000000,0.250000,1.650000,1.350000
49-2095.00,"Electrical and Electronics Repairers, Powerhouse, Substation, and Relay",0.925083,1.723085,0.000000,0.000000,0.000000,0.000000,0.000000,0.000000,0.000000,1.500000,1.050000
51-4023.00,"Rolling Machine Setters, Operators, and Tenders, Metal and Plastic",0.924620,1.733751,0.000000,0.000000,0.000000,0.000000,0.000000,0.000000,0.000000,1.300000,0.700000
27-2012.04,Talent Directors,0.924367,1.739549,0.100000,1.000000,0.900000,0.000000,0.900000,0.000000,0.000000,0.000000,0.000000
13-2052.00,Personal Financial Advisors,0.924203,1.743323,0.000000,1.000000,0.850000,0.000000,0.800000,0.000000,0.000000,0.000000,0.000000
43-1011.00,First-Line Supervisors of Office and Administrative Support Workers,0.924056,1.746713,0.000000,1.000000,0.750000,0.000000,0.600000,0.000000,0.000000,0.000000,0.000000
51-4052.00,"Pourers and Casters, Metal",0.923482,1.759919,0.000000,0.000000,0.000000,0.000000,0.000000,0.000000,0.100000,1.200000,1.000000
51-4081.00,"Multiple Machine Tool Setters, Operators, and Tenders, Metal and Plastic",0.923395,1.761925,0.000000,0.000000,0.000000,0.000000,0.000000,0.000000,0.000000,1.400000,0.700000
17-2141.01,Fuel Cell Engineers,0.923234,1.765614,0.000000,0.000000,0.750000,0.000000,0.950000,0.150000,0.000000,0.850000,0.000000
19-1031.02,Range Managers,0.923184,1.766777,0.000000,0.550000,1.000000,0.000000,0.900000,0.050000,0.250000,0.000000,0.250000
53-7073.00,Wellhead Pumpers,0.923017,1.770615,0.000000,0.000000,0.000000,0.000000,0.000000,0.000000,0.100000,1.400000,1.150000
49-9091.00,"Coin, Vending, and Amusement Machine Servicers and Repairers",0.922745,1.776874,0.000000,0.000000,0.000000,0.000000,0.000000,0.000000,0.200000,1.450000,0.950000
27-1027.00,Set and Exhibit Designers,0.922732,1.777162,0.000000,0.850000,0.900000,0.000000,1.050000,0.000000,0.500000,0.000000,0.000000
29-2056.00,Veterinary Technologists and Technicians,0.922608,1.780015,0.000000,0.000000,0.000000,0.000000,0.000000,0.000000,0.300000,1.750000,1.200000
29-1291.00,Acupuncturists,0.922537,1.781644,0.000000,0.250000,0.000000,0.000000,0.050000,0.000000,0.400000,1.800000,1.400000
17-2111.00,"Health and Safety Engineers, Except Mining Safety Engineers and Inspectors",0.922382,1.785218,0.000000,0.450000,1.150000,0.000000,0.950000,0.100000,0.050000,0.000000,0.000000
27-4031.00,"Camera Operators, Television, Video, and Film",0.922108,1.791509,0.000000,0.050000,0.000000,0.000000,0.000000,0.000000,1.150000,1.200000,1.000000
11-9071.00,Gambling Managers,0.921811,1.798336,0.000000,1.000000,0.950000,0.000000,0.500000,0.000000,0.200000,0.000000,0.000000
47-4061.00,Rail-Track Laying and Maintenance Equipment Operators,0.921497,1.805567,0.000000,0.000000,0.000000,0.000000,0.000000,0.000000,0.050000,1.050000,1.000000
31-9097.00,Phlebotomists,0.921496,1.805597,0.000000,0.000000,0.000000,0.000000,0.000000,0.000000,0.500000,1.750000,1.200000
45-4011.00,Forest and Conservation Workers,0.921418,1.807384,0.000000,0.000000,0.000000,0.000000,0.000000,0.000000,0.250000,1.250000,1.500000
19-1022.00,Microbiologists,0.920889,1.819547,0.000000,0.000000,0.600000,0.000000,0.650000,0.550000,0.450000,0.800000,0.000000
29-2034.00,Radiologic Technologists and Technicians,0.920677,1.824423,0.000000,0.050000,0.000000,0.000000,0.000000,0.000000,0.500000,1.750000,1.050000
53-7051.00,Industrial Truck and Tractor Operators,0.920534,1.827707,0.000000,0.000000,0.000000,0.000000,0.000000,0.000000,0.250000,1.050000,1.000000
27-2032.00,Choreographers,0.920358,1.831767,0.000000,1.000000,0.700000,0.250000,0.750000,0.000000,0.700000,0.000000,0.000000
49-3022.00,Automotive Glass Installers and Repairers,0.920135,1.836895,0.000000,0.000000,0.000000,0.000000,0.000000,0.000000,0.450000,1.800000,0.900000
19-2041.03,Industrial Ecologists,0.919871,1.842972,0.000000,0.000000,1.250000,0.000000,1.000000,0.300000,0.000000,0.000000,0.000000
49-9061.00,Camera and Photographic Equipment Repairers,0.919558,1.850162,0.000000,0.000000,0.000000,0.000000,0.000000,0.000000,0.700000,2.000000,0.750000
51-6041.00,Shoe and Leather Workers and Repairers,0.919554,1.850254,0.000000,0.000000,0.000000,0.000000,0.000000,0.000000,0.700000,1.850000,0.750000
47-3011.00,"Helpers--Brickmasons, Blockmasons, Stonemasons, and Tile and Marble Setters",0.919519,1.851074,0.000000,0.000000,0.000000,0.000000,0.000000,0.000000,0.250000,1.550000,0.850000
51-8013.04,Hydroelectric Plant Technicians,0.919408,1.853626,0.000000,0.000000,0.000000,0.000000,0.000000,0.000000,0.000000,1.600000,1.150000
53-3031.00,Driver/Sales Workers,0.919400,1.853800,0.000000,0.000000,0.000000,0.000000,0.000000,0.000000,0.500000,0.900000,1.800000
19-3093.00,Historians,0.919041,1.862054,0.250000,0.250000,1.000000,0.000000,1.000000,0.750000,0.000000,0.000000,0.000000
21-1092.00,Probation Officers and Correctional Treatment Specialists,0.918718,1.869493,0.000000,1.000000,1.000000,0.000000,0.850000,0.000000,0.000000,0.000000,0.000000
13-1041.04,Government Property Inspectors and Investigators,0.918449,1.875665,0.000000,0.750000,1.000000,0.000000,1.000000,0.000000,0.000000,0.000000,0.000000
17-2111.02,Fire-Prevention and Protection Engineers,0.918410,1.876559,0.000000,0.450000,0.900000,0.000000,1.000000,0.250000,0.000000,0.000000,0.000000
37-2021.00,Pest Control Workers,0.918176,1.881947,0.000000,0.000000,0.000000,0.000000,0.000000,0.000000,0.250000,1.450000,1.500000
39-4031.00,"Morticians, Undertakers, and Funeral Arrangers",0.917873,1.888922,0.000000,1.200000,0.400000,0.000000,0.400000,0.000000,0.000000,0.500000,0.650000
19-3099.01,Transportation Planners,0.917664,1.893728,0.000000,0.700000,0.950000,0.000000,1.050000,0.050000,0.000000,0.000000,0.000000
13-1199.04,Business Continuity Planners,0.917238,1.903534,0.000000,0.450000,1.100000,0.000000,1.000000,0.000000,0.000000,0.000000,0.000000
45-2021.00,Animal Breeders,0.917032,1.908259,0.000000,0.000000,0.000000,0.000000,0.000000,0.000000,0.500000,1.750000,1.450000
47-2082.00,Tapers,0.917028,1.908361,0.000000,0.000000,0.000000,0.000000,0.000000,0.000000,0.550000,1.750000,0.950000
19-1029.01,Bioinformatics Scientists,0.917019,1.908561,0.000000,0.000000,0.800000,0.000000,1.000000,0.750000,0.000000,0.000000,0.000000
51-4022.00,"Forging Machine Setters, Operators, and Tenders, Metal and Plastic",0.916831,1.912878,0.000000,0.000000,0.000000,0.000000,0.000000,0.000000,0.000000,1.800000,0.950000
53-7121.00,"Tank Car, Truck, and Ship Loaders",0.916665,1.916716,0.000000,0.000000,0.000000,0.000000,0.000000,0.000000,0.000000,1.200000,1.000000
25-1022.00,"Mathematical Science Teachers, Postsecondary",0.916432,1.922073,0.250000,1.000000,0.350000,0.000000,1.200000,0.550000,0.000000,0.000000,0.000000
11-9199.08,Loss Prevention Managers,0.916415,1.922452,0.000000,0.800000,0.950000,0.000000,0.700000,0.000000,0.000000,0.000000,0.000000
19-1011.00,Animal Scientists,0.916293,1.925267,0.000000,0.000000,0.800000,0.000000,0.950000,0.750000,0.000000,0.000000,0.000000
29-1125.00,Recreational Therapists,0.916086,1.930022,0.000000,1.000000,1.000000,0.000000,0.500000,0.000000,0.050000,0.100000,0.250000
13-1151.00,Training and Development Specialists,0.915958,1.932967,0.000000,1.000000,0.900000,0.000000,0.900000,0.000000,0.000000,0.000000,0.000000
25-1082.00,"Library Science Teachers, Postsecondary",0.915900,1.934295,0.200000,1.000000,0.550000,0.000000,1.100000,0.300000,0.000000,0.000000,0.000000
15-1211.01,Health Informatics Specialists,0.915843,1.935612,0.000000,0.300000,1.050000,0.000000,0.950000,0.250000,0.000000,0.000000,0.000000
53-7041.00,Hoist and Winch Operators,0.915512,1.943228,0.000000,0.000000,0.000000,0.000000,0.000000,0.000000,0.200000,1.250000,1.000000
25-2032.00,"Career/Technical Education Teachers, Secondary School",0.915420,1.945340,0.200000,1.000000,0.900000,0.000000,0.650000,0.000000,0.000000,0.000000,0.000000
27-3023.00,"News Analysts, Reporters, and Journalists",0.915411,1.945558,0.500000,1.000000,1.200000,0.000000,1.050000,0.050000,0.100000,0.000000,0.000000
51-4192.00,"Layout Workers, Metal and Plastic",0.915358,1.946756,0.000000,0.000000,0.000000,0.000000,0.000000,0.000000,0.550000,1.550000,0.850000
19-2041.02,Environmental Restoration Planners,0.915306,1.947965,0.000000,0.350000,1.150000,0.000000,1.100000,0.150000,0.100000,0.000000,0.000000
47-2042.00,"Floor Layers, Except Carpet, Wood, and Hard Tiles",0.915256,1.949102,0.000000,0.000000,0.000000,0.000000,0.000000,0.000000,0.550000,1.750000,1.200000
13-1081.00,Logisticians,0.915135,1.951886,0.000000,0.700000,1.000000,0.000000,1.050000,0.000000,0.000000,0.000000,0.000000
53-4013.00,"Rail Yard Engineers, Dinkey Operators, and Hostlers",0.915039,1.954102,0.000000,0.000000,0.000000,0.000000,0.000000,0.000000,0.300000,1.100000,1.050000
49-9012.00,"Control and Valve Installers and Repairers, Except Mechanical Door",0.914987,1.955303,0.000000,0.000000,0.000000,0.000000,0.000000,0.000000,0.000000,1.800000,1.100000
29-1126.00,Respiratory Therapists,0.914932,1.956566,0.000000,0.300000,0.150000,0.000000,0.150000,0.000000,0.000000,1.450000,1.250000
47-2132.00,"Insulation Workers, Mechanical",0.914925,1.956720,0.000000,0.000000,0.000000,0.000000,0.000000,0.000000,0.250000,1.750000,1.250000
19-4071.00,Forest and Conservation Technicians,0.914863,1.958145,0.000000,0.000000,0.000000,0.000000,0.050000,0.000000,0.700000,1.050000,1.400000
11-3031.01,Treasurers and Controllers,0.914625,1.963635,0.000000,0.650000,0.950000,0.000000,1.150000,0.000000,0.000000,0.000000,0.000000
35-3031.00,Waiters and Waitresses,0.914450,1.967661,0.000000,1.000000,0.500000,0.000000,0.000000,0.000000,0.200000,1.250000,1.200000
51-3022.00,"Meat, Poultry, and Fish Cutters and Trimmers",0.914102,1.975661,0.000000,0.000000,0.000000,0.000000,0.000000,0.000000,0.500000,2.000000,0.600000
51-4051.00,Metal-Refining Furnace Operators and Tenders,0.913948,1.979203,0.000000,0.000000,0.000000,0.000000,0.000000,0.000000,0.250000,1.200000,1.000000
27-3043.05,"Poets, Lyricists and Creative Writers",0.913935,1.979497,0.750000,0.500000,0.250000,0.750000,1.000000,0.000000,0.000000,0.000000,0.000000
25-2023.00,"Career/Technical Education Teachers, Middle School",0.913679,1.985378,0.250000,1.000000,0.750000,0.000000,0.600000,0.000000,0.000000,0.350000,0.650000
51-2051.00,Fiberglass Laminators and Fabricators,0.913572,1.987850,0.000000,0.000000,0.000000,0.000000,0.000000,0.000000,0.300000,1.750000,0.750000
25-1194.00,"Career/Technical Education Teachers, Postsecondary",0.913538,1.988628,0.150000,1.000000,0.700000,0.000000,0.750000,0.000000,0.000000,0.850000,0.050000
21-1012.00,"Educational, Guidance, and Career Counselors and Advisors",0.913226,1.995797,0.000000,1.000000,1.000000,0.000000,0.750000,0.000000,0.000000,0.000000,0.000000
47-2072.00,Pile Driver Operators,0.912917,2.002909,0.000000,0.000000,0.000000,0.000000,0.000000,0.000000,0.200000,0.800000,1.300000
17-2112.01,Human Factors Engineers and Ergonomists,0.912904,2.003205,0.000000,0.300000,1.250000,0.000000,1.050000,0.200000,0.000000,0.000000,0.000000
13-1041.03,Equal Opportunity Representatives and Officers,0.912727,2.007282,0.000000,1.000000,1.000000,0.000000,0.850000,0.000000,0.000000,0.000000,0.000000
19-2041.00,"Environmental Scientists and Specialists, Including Health",0.912703,2.007830,0.000000,0.000000,1.250000,0.000000,1.000000,0.550000,0.000000,0.000000,0.000000
25-2011.00,"Preschool Teachers, Except Special Education",0.912351,2.015929,0.000000,1.100000,0.700000,0.000000,0.150000,0.000000,0.150000,1.350000,1.600000
51-9124.00,"Coating, Painting, and Spraying Machine Setters, Operators, and Tenders",0.912221,2.018921,0.000000,0.000000,0.000000,0.000000,0.000000,0.000000,0.500000,1.450000,0.800000
15-2021.00,Mathematicians,0.912049,2.022878,0.000000,0.000000,0.750000,0.000000,1.150000,0.750000,0.000000,0.000000,0.000000
49-9098.00,"Helpers--Installation, Maintenance, and Repair Workers",0.911642,2.032241,0.000000,0.000000,0.000000,0.000000,0.000000,0.000000,0.300000,1.550000,1.000000
49-3091.00,Bicycle Repairers,0.911584,2.033565,0.000000,0.000000,0.000000,0.000000,0.000000,0.000000,0.200000,1.800000,0.750000
27-1011.00,Art Directors,0.911505,2.035377,0.000000,1.000000,0.950000,0.000000,1.250000,0.000000,0.700000,0.000000,0.000000
25-1064.00,"Geography Teachers, Postsecondary",0.911435,2.036997,0.050000,1.000000,0.550000,0.000000,1.050000,0.600000,0.000000,0.000000,0.000000
51-4194.00,"Tool Grinders, Filers, and Sharpeners",0.911424,2.037244,0.000000,0.000000,0.000000,0.000000,0.000000,0.000000,0.000000,1.700000,0.550000
11-3111.00,Compensation and Benefits Managers,0.911304,2.039998,0.000000,1.000000,1.050000,0.000000,1.200000,0.000000,0.000000,0.000000,0.000000
49-2098.00,Security and Fire Alarm Systems Installers,0.911008,2.046809,0.000000,0.000000,0.000000,0.000000,0.000000,0.000000,0.050000,1.700000,1.400000
39-3092.00,Costume Attendants,0.910879,2.049775,0.000000,0.350000,0.200000,0.000000,0.000000,0.000000,0.600000,2.050000,1.250000
13-1121.00,"Meeting, Convention, and Event Planners",0.910773,2.052221,0.000000,1.000000,0.950000,0.000000,0.900000,0.000000,0.000000,0.000000,0.000000
15-1255.01,Video Game Designers,0.910409,2.060604,0.150000,0.850000,1.150000,0.000000,1.250000,0.000000,0.000000,0.000000,0.000000
25-9021.00,Farm and Home Management Educators,0.910060,2.068620,0.000000,1.000000,1.000000,0.000000,0.550000,0.050000,0.000000,0.050000,0.150000
51-1011.00,First-Line Supervisors of Production and Operating Workers,0.909626,2.078597,0.000000,0.900000,0.700000,0.000000,0.500000,0.000000,0.100000,0.650000,0.550000
19-2032.00,Materials Scientists,0.909562,2.080065,0.000000,0.250000,1.000000,0.000000,1.000000,0.600000,0.000000,0.300000,0.000000
49-9062.00,Medical Equipment Repairers,0.909286,2.086428,0.000000,0.000000,0.000000,0.000000,0.050000,0.000000,0.350000,1.850000,1.050000
47-2043.00,Floor Sanders and Finishers,0.908864,2.096118,0.000000,0.000000,0.000000,0.000000,0.000000,0.000000,0.350000,1.500000,0.900000
49-2091.00,Avionics Technicians,0.908843,2.096617,0.000000,0.000000,0.000000,0.000000,0.000000,0.000000,0.400000,1.850000,1.150000
25-1121.00,"Art, Drama, and Music Teachers, Postsecondary",0.907994,2.116131,0.250000,1.250000,0.850000,0.000000,1.050000,0.250000,0.000000,0.000000,0.000000
19-3011.01,Environmental Economists,0.907309,2.131892,0.000000,0.000000,1.150000,0.000000,1.050000,0.750000,0.000000,0.000000,0.000000
49-2096.00,"Electronic Equipment Installers and Repairers, Motor Vehicles",0.906950,2.140146,0.000000,0.000000,0.000000,0.000000,0.000000,0.000000,0.050000,1.650000,1.100000
47-5044.00,"Loading and Moving Machine Operators, Underground Mining",0.906632,2.147456,0.000000,0.000000,0.000000,0.000000,0.000000,0.000000,0.250000,1.250000,1.350000
11-9041.01,Biofuels/Biodiesel Technology and Product Development Managers,0.906540,2.149581,0.000000,0.100000,1.050000,0.000000,1.250000,0.550000,0.000000,0.350000,0.000000
27-3041.00,Editors,0.906538,2.149618,0.500000,1.000000,1.000000,0.000000,1.250000,0.000000,0.000000,0.000000,0.000000
49-2094.00,"Electrical and Electronics Repairers, Commercial and Industrial Equipment",0.906405,2.152685,0.000000,0.000000,0.000000,0.000000,0.000000,0.000000,0.300000,1.600000,1.200000
11-9081.00,Lodging Managers,0.906029,2.161344,0.000000,1.000000,0.850000,0.000000,0.950000,0.000000,0.000000,0.000000,0.000000
19-2011.00,Astronomers,0.905885,2.164634,0.000000,0.300000,1.000000,0.000000,1.000000,0.750000,0.000000,0.000000,0.000000
29-1041.00,Optometrists,0.905840,2.165679,0.000000,0.550000,0.150000,0.000000,0.500000,0.000000,1.100000,1.450000,0.550000
33-2022.00,Forest Fire Inspectors and Prevention Specialists,0.905701,2.168877,0.000000,0.050000,0.100000,0.000000,0.200000,0.000000,1.000000,1.250000,1.750000
49-2022.00,"Telecommunications Equipment Installers and Repairers, Except Line Installers",0.905628,2.170548,0.000000,0.000000,0.000000,0.000000,0.000000,0.000000,0.150000,1.450000,1.300000
11-2011.00,Advertising and Promotions Managers,0.905379,2.176289,0.150000,1.000000,1.000000,0.000000,1.250000,0.000000,0.000000,0.000000,0.000000
39-9031.00,Exercise Trainers and Group Fitness Instructors,0.905336,2.177263,0.000000,1.000000,0.400000,0.000000,0.050000,0.000000,0.750000,1.250000,1.500000
45-2091.00,Agricultural Equipment Operators,0.905126,2.182092,0.000000,0.000000,0.000000,0.000000,0.000000,0.000000,0.300000,1.250000,1.350000
47-2041.00,Carpet Installers,0.905099,2.182720,0.000000,0.000000,0.000000,0.000000,0.000000,0.000000,0.550000,1.800000,1.300000
41-9031.00,Sales Engineers,0.905081,2.183140,0.050000,1.000000,0.700000,0.000000,1.000000,0.000000,0.000000,0.000000,0.000000
49-2093.00,"Electrical and Electronics Installers and Repairers, Transportation Equipment",0.904885,2.187654,0.000000,0.000000,0.000000,0.000000,0.000000,0.000000,0.000000,1.750000,1.150000
11-3031.00,Financial Managers,0.904818,2.189185,0.000000,1.000000,0.950000,0.000000,1.250000,0.000000,0.000000,0.000000,0.000000
29-1122.01,"Low Vision Therapists, Orientation and Mobility Specialists, and Vision Rehabilitation Therapists",0.904728,2.191266,0.000000,1.000000,0.950000,0.000000,0.950000,0.000000,0.000000,0.350000,0.750000
29-1181.00,Audiologists,0.904444,2.197784,0.000000,1.000000,0.300000,0.000000,0.600000,0.250000,0.000000,1.000000,0.000000
11-3031.03,Investment Fund Managers,0.904433,2.198041,0.000000,0.750000,1.200000,0.000000,1.200000,0.150000,0.000000,0.000000,0.000000
11-3061.00,Purchasing Managers,0.904038,2.207137,0.000000,1.000000,0.950000,0.000000,1.200000,0.000000,0.000000,0.000000,0.000000
47-3012.00,Helpers--Carpenters,0.903227,2.225768,0.000000,0.000000,0.000000,0.000000,0.000000,0.000000,0.350000,1.750000,1.250000
25-2021.00,"Elementary School Teachers, Except Special Education",0.903095,2.228818,0.250000,1.000000,0.900000,0.000000,0.850000,0.000000,0.000000,0.200000,0.600000
33-3021.06,Intelligence Analysts,0.902994,2.231144,0.200000,0.700000,1.250000,0.000000,1.000000,0.250000,0.250000,0.000000,0.000000
25-9031.00,Instructional Coordinators,0.902661,2.238796,0.050000,1.000000,1.000000,0.000000,1.000000,0.000000,0.000000,0.000000,0.000000
29-9092.00,Genetic Counselors,0.902529,2.241842,0.000000,1.200000,0.900000,0.000000,0.900000,0.300000,0.000000,0.000000,0.000000
35-2014.00,"Cooks, Restaurant",0.902464,2.243324,0.000000,0.000000,0.000000,0.000000,0.000000,0.000000,0.750000,2.000000,1.700000
47-2071.00,"Paving, Surfacing, and Tamping Equipment Operators",0.902223,2.248871,0.000000,0.000000,0.000000,0.000000,0.000000,0.000000,0.550000,1.250000,1.450000
33-3021.02,Police Identification and Records Officers,0.902203,2.249342,0.000000,0.300000,0.200000,0.000000,0.400000,0.000000,1.000000,1.350000,1.250000
27-2011.00,Actors,0.902167,2.250160,0.500000,1.750000,0.600000,0.250000,0.600000,0.000000,0.400000,1.100000,1.450000
51-9081.00,Dental Laboratory Technicians,0.902022,2.253486,0.000000,0.000000,0.000000,0.000000,0.000000,0.000000,0.950000,2.000000,0.600000
31-1131.00,Nursing Assistants,0.901997,2.254071,0.000000,0.300000,0.000000,0.000000,0.000000,0.000000,0.500000,2.200000,2.000000
21-1015.00,Rehabilitation Counselors,0.901827,2.257982,0.050000,1.250000,1.250000,0.000000,0.900000,0.000000,0.000000,0.000000,0.000000
47-2142.00,Paperhangers,0.901810,2.258365,0.000000,0.000000,0.000000,0.000000,0.000000,0.000000,0.750000,1.750000,1.150000
25-4012.00,Curators,0.901785,2.258949,0.050000,1.000000,1.050000,0.000000,1.150000,0.350000,0.050000,0.000000,0.000000
29-1292.00,Dental Hygienists,0.901690,2.261128,0.000000,0.000000,0.000000,0.000000,0.000000,0.000000,0.800000,1.900000,1.350000
25-2031.00,"Secondary School Teachers, Except Special and Career/Technical Education",0.901587,2.263508,0.250000,1.050000,0.850000,0.000000,1.050000,0.100000,0.000000,0.000000,0.000000
11-3071.04,Supply Chain Managers,0.901541,2.264559,0.000000,0.650000,1.100000,0.000000,1.250000,0.000000,0.000000,0.000000,0.000000
25-2022.00,"Middle School Teachers, Except Special and Career/Technical Education",0.901304,2.270011,0.250000,1.050000,0.950000,0.000000,1.150000,0.000000,0.000000,0.000000,0.300000
51-4071.00,Foundry Mold and Coremakers,0.901162,2.273273,0.000000,0.000000,0.000000,0.000000,0.000000,0.000000,0.150000,1.800000,1.000000
49-9043.00,"Maintenance Workers, Machinery",0.901151,2.273517,0.000000,0.000000,0.000000,0.000000,0.000000,0.000000,0.250000,1.800000,1.000000
21-2021.00,"Directors, Religious Activities and Education",0.901059,2.275654,0.150000,1.150000,1.100000,0.000000,1.000000,0.000000,0.000000,0.000000,0.000000
47-3013.00,Helpers--Electricians,0.900975,2.277581,0.000000,0.000000,0.000000,0.000000,0.000000,0.000000,0.250000,1.500000,1.450000
11-3131.00,Training and Development Managers,0.900700,2.283903,0.050000,1.000000,1.000000,0.000000,1.250000,0.000000,0.000000,0.000000,0.000000
47-3016.00,Helpers--Roofers,0.900630,2.285511,0.000000,0.000000,0.000000,0.000000,0.000000,0.000000,0.300000,1.500000,1.500000
47-2131.00,"Insulation Workers, Floor, Ceiling, and Wall",0.900610,2.285967,0.000000,0.000000,0.000000,0.000000,0.000000,0.000000,0.250000,1.750000,1.250000
51-3021.00,Butchers and Meat Cutters,0.900555,2.287229,0.000000,0.000000,0.000000,0.000000,0.000000,0.000000,0.700000,2.000000,0.950000
45-1011.00,"First-Line Supervisors of Farming, Fishing, and Forestry Workers",0.900540,2.287580,0.000000,0.600000,0.650000,0.000000,0.300000,0.000000,0.350000,0.650000,1.300000
51-3023.00,Slaughterers and Meat Packers,0.900539,2.287595,0.000000,0.000000,0.000000,0.000000,0.000000,0.000000,0.450000,2.000000,1.000000
51-7021.00,Furniture Finishers,0.900477,2.289026,0.000000,0.000000,0.000000,0.000000,0.000000,0.000000,0.800000,1.900000,0.800000
29-1141.04,Clinical Nurse Specialists,0.900436,2.289969,0.000000,1.000000,1.000000,0.000000,1.000000,0.000000,0.000000,0.000000,0.000000
17-2199.09,Nanosystems Engineers,0.900348,2.291998,0.000000,0.300000,1.150000,0.000000,1.050000,0.650000,0.000000,0.000000,0.000000
37-3011.00,Landscaping and Groundskeeping Workers,0.899800,2.304610,0.000000,0.000000,0.000000,0.000000,0.000000,0.000000,0.500000,1.500000,1.500000
39-5011.00,Barbers,0.899434,2.313017,0.000000,0.250000,0.000000,0.000000,0.000000,0.000000,0.750000,2.050000,1.400000
35-2013.00,"Cooks, Private Household",0.899407,2.313639,0.000000,0.300000,0.300000,0.000000,0.000000,0.000000,0.750000,1.800000,1.750000
49-9097.00,Signal and Track Switch Repairers,0.899397,2.313876,0.000000,0.000000,0.000000,0.000000,0.000000,0.000000,0.150000,1.400000,1.400000
51-9082.00,Medical Appliance Technicians,0.899002,2.322956,0.000000,0.000000,0.000000,0.000000,0.000000,0.000000,0.700000,1.900000,1.050000
11-9021.00,Construction Managers,0.898910,2.325073,0.000000,1.000000,1.150000,0.000000,1.250000,0.000000,0.150000,0.000000,0.000000
19-2041.01,Climate Change Policy Analysts,0.898883,2.325689,0.050000,0.750000,1.050000,0.000000,1.000000,0.600000,0.000000,0.000000,0.000000
15-1299.09,Information Technology Project Managers,0.898863,2.326157,0.000000,1.000000,1.050000,0.000000,1.250000,0.000000,0.000000,0.000000,0.000000
47-2152.04,Solar Thermal Installers and Technicians,0.898738,2.329022,0.000000,0.000000,0.000000,0.000000,0.000000,0.000000,0.500000,1.800000,1.650000
29-1299.01,Naturopathic Physicians,0.897904,2.348206,0.000000,0.900000,0.550000,0.000000,0.950000,0.000000,0.450000,1.500000,0.700000
45-2092.00,"Farmworkers and Laborers, Crop, Nursery, and Greenhouse",0.897824,2.350042,0.000000,0.000000,0.000000,0.000000,0.000000,0.000000,0.250000,1.550000,0.950000
51-4062.00,"Patternmakers, Metal and Plastic",0.897613,2.354897,0.000000,0.000000,0.000000,0.000000,0.000000,0.000000,0.750000,2.000000,1.000000
31-1132.00,Orderlies,0.897298,2.362147,0.000000,0.250000,0.000000,0.000000,0.000000,0.000000,0.250000,2.200000,1.900000
47-4099.03,Weatherization Installers and Technicians,0.897294,2.362240,0.000000,0.000000,0.000000,0.000000,0.000000,0.000000,0.300000,1.600000,1.550000
53-7062.04,Recycling and Reclamation Workers,0.897126,2.366101,0.000000,0.000000,0.000000,0.000000,0.000000,0.000000,0.500000,1.550000,1.050000
29-1171.00,Nurse Practitioners,0.896905,2.371176,0.000000,1.000000,0.750000,0.000000,1.000000,0.050000,0.000000,0.400000,0.000000
11-3021.00,Computer and Information Systems Managers,0.896689,2.376150,0.000000,1.000000,1.050000,0.000000,1.250000,0.000000,0.000000,0.000000,0.000000
17-2161.00,Nuclear Engineers,0.896564,2.379036,0.000000,0.150000,1.100000,0.000000,1.000000,0.600000,0.000000,0.000000,0.000000
51-7031.00,"Model Makers, Wood",0.896536,2.379671,0.000000,0.000000,0.000000,0.000000,0.000000,0.000000,0.800000,1.850000,0.850000
29-1127.00,Speech-Language Pathologists,0.896513,2.380204,0.250000,1.000000,0.850000,0.000000,0.850000,0.250000,0.000000,0.000000,0.000000
25-1193.00,"Recreation and Fitness Studies Teachers, Postsecondary",0.896497,2.380573,0.150000,1.000000,1.050000,0.000000,1.200000,0.550000,0.000000,0.000000,0.000000
11-2021.00,Marketing Managers,0.896420,2.382332,0.000000,1.000000,1.150000,0.000000,1.250000,0.000000,0.000000,0.000000,0.000000
11-9199.10,Wind Energy Development Managers,0.896304,2.385010,0.000000,1.000000,1.200000,0.000000,1.250000,0.150000,0.000000,0.000000,0.000000
39-5091.00,"Makeup Artists, Theatrical and Performance",0.896126,2.389110,0.000000,0.450000,0.050000,0.000000,0.100000,0.000000,1.000000,1.900000,1.400000
53-2031.00,Flight Attendants,0.896091,2.389916,0.000000,1.000000,1.000000,0.000000,0.250000,0.000000,0.200000,0.850000,1.600000
25-2059.01,Adapted Physical Education Specialists,0.895842,2.395628,0.000000,1.050000,0.800000,0.000000,0.500000,0.000000,0.600000,0.600000,1.000000
25-1122.00,"Communications Teachers, Postsecondary",0.895333,2.407349,0.500000,1.000000,0.800000,0.000000,1.250000,0.400000,0.000000,0.000000,0.000000
37-1012.00,"First-Line Supervisors of Landscaping, Lawn Service, and Groundskeeping Workers",0.895031,2.414293,0.000000,0.200000,0.200000,0.000000,0.050000,0.000000,0.700000,1.450000,1.650000
39-9011.00,Childcare Workers,0.894941,2.416347,0.000000,1.150000,0.700000,0.000000,0.050000,0.000000,0.850000,2.200000,2.500000
27-3031.00,Public Relations Specialists,0.894882,2.417715,0.250000,1.050000,1.100000,0.000000,1.050000,0.000000,0.000000,0.000000,0.000000
51-6051.00,"Sewers, Hand",0.894872,2.417955,0.000000,0.000000,0.000000,0.000000,0.000000,0.000000,0.400000,2.000000,0.750000
17-2031.00,Bioengineers and Biomedical Engineers,0.894770,2.420297,0.000000,0.250000,1.250000,0.000000,1.150000,0.300000,0.000000,0.650000,0.000000
17-3024.00,Electro-Mechanical and Mechatronics Technologists and Technicians,0.894680,2.422371,0.000000,0.000000,0.000000,0.000000,0.000000,0.000000,0.350000,1.700000,1.200000
25-2012.00,"Kindergarten Teachers, Except Special Education",0.894654,2.422951,0.150000,1.250000,0.900000,0.000000,0.550000,0.000000,0.150000,0.850000,1.700000
25-1192.00,"Family and Consumer Sciences Teachers, Postsecondary",0.894595,2.424313,0.250000,1.000000,1.250000,0.000000,1.250000,0.500000,0.000000,0.000000,0.000000
25-4013.00,Museum Technicians and Conservators,0.893966,2.438788,0.000000,0.200000,0.450000,0.000000,0.450000,0.050000,1.000000,1.950000,1.100000
11-9199.02,Compliance Managers,0.893677,2.445435,0.000000,1.000000,1.200000,0.000000,1.050000,0.250000,0.000000,0.000000,0.000000
11-9199.01,Regulatory Affairs Managers,0.893596,2.447293,0.000000,1.000000,1.200000,0.000000,1.250000,0.250000,0.000000,0.000000,0.000000
51-7032.00,"Patternmakers, Wood",0.893524,2.448942,0.000000,0.000000,0.000000,0.000000,0.000000,0.000000,0.700000,1.800000,0.700000
35-1012.00,First-Line Supervisors of Food Preparation and Serving Workers,0.893427,2.451175,0.000000,1.000000,0.750000,0.000000,0.400000,0.000000,0.000000,1.100000,1.150000
13-2099.04,"Fraud Examiners, Investigators and Analysts",0.893412,2.451518,0.050000,1.050000,1.200000,0.000000,1.100000,0.200000,0.000000,0.000000,0.000000
47-5043.00,"Roof Bolters, Mining",0.893408,2.451605,0.000000,0.000000,0.000000,0.000000,0.000000,0.000000,0.200000,1.300000,1.250000
47-2141.00,"Painters, Construction and Maintenance",0.893384,2.452174,0.000000,0.000000,0.000000,0.000000,0.000000,0.000000,0.750000,1.750000,1.750000
11-1021.00,General and Operations Managers,0.893314,2.453771,0.000000,1.000000,1.250000,0.000000,1.250000,0.000000,0.000000,0.000000,0.000000
19-1013.00,Soil and Plant Scientists,0.893243,2.455412,0.000000,0.000000,1.050000,0.000000,1.000000,0.750000,0.100000,0.400000,0.450000
19-1021.00,Biochemists and Biophysicists,0.892492,2.472691,0.000000,0.000000,0.750000,0.000000,1.000000,0.750000,0.150000,0.850000,0.000000
51-2011.00,"Aircraft Structure, Surfaces, Rigging, and Systems Assemblers",0.892459,2.473439,0.000000,0.000000,0.000000,0.000000,0.000000,0.000000,1.000000,2.000000,1.000000
47-3015.00,"Helpers--Pipelayers, Plumbers, Pipefitters, and Steamfitters",0.892299,2.477134,0.000000,0.000000,0.000000,0.000000,0.000000,0.000000,0.250000,1.750000,1.650000
33-9021.00,Private Detectives and Investigators,0.892090,2.481922,0.200000,1.250000,1.200000,0.000000,1.000000,0.000000,0.450000,0.000000,0.350000
49-9099.01,Geothermal Technicians,0.891838,2.487729,0.000000,0.000000,0.000000,0.000000,0.000000,0.000000,0.250000,1.900000,1.500000
53-7081.00,Refuse and Recyclable Material Collectors,0.891655,2.491941,0.000000,0.000000,0.000000,0.000000,0.000000,0.000000,0.600000,1.250000,1.750000
29-9091.00,Athletic Trainers,0.891537,2.494640,0.000000,0.750000,0.450000,0.000000,0.350000,0.000000,0.350000,1.500000,1.550000
49-3092.00,Recreational Vehicle Service Technicians,0.891499,2.495532,0.000000,0.000000,0.150000,0.000000,0.000000,0.000000,0.500000,1.750000,1.350000
51-4111.00,Tool and Die Makers,0.891440,2.496880,0.000000,0.000000,0.000000,0.000000,0.000000,0.000000,1.000000,2.000000,1.000000
51-6052.00,"Tailors, Dressmakers, and Custom Sewers",0.891298,2.500143,0.000000,0.000000,0.000000,0.000000,0.000000,0.000000,0.950000,2.050000,1.250000
11-2022.00,Sales Managers,0.891236,2.501561,0.000000,1.000000,1.000000,0.000000,1.250000,0.000000,0.000000,0.000000,0.000000
49-2021.00,"Radio, Cellular, and Tower Equipment Installers and Repairers",0.891230,2.501705,0.000000,0.000000,0.000000,0.000000,0.000000,0.000000,0.350000,1.850000,1.750000
35-3011.00,Bartenders,0.891185,2.502737,0.000000,1.000000,0.600000,0.000000,0.000000,0.000000,0.450000,1.400000,1.600000
49-3053.00,Outdoor Power Equipment and Other Small Engine Mechanics,0.891154,2.503465,0.000000,0.000000,0.000000,0.000000,0.000000,0.000000,0.250000,1.900000,1.100000
19-2042.00,"Geoscientists, Except Hydrologists and Geographers",0.890978,2.507517,0.000000,0.150000,1.200000,0.000000,1.000000,0.650000,0.250000,0.400000,0.600000
49-9064.00,Watch and Clock Repairers,0.890940,2.508388,0.000000,0.000000,0.000000,0.000000,0.000000,0.000000,0.850000,2.250000,0.750000
51-2061.00,Timing Device Assemblers and Adjusters,0.890829,2.510939,0.000000,0.000000,0.000000,0.000000,0.000000,0.000000,0.800000,2.350000,0.500000
47-2044.00,Tile and Stone Setters,0.890752,2.512702,0.000000,0.000000,0.000000,0.000000,0.000000,0.000000,0.750000,1.950000,1.550000
47-2053.00,Terrazzo Workers and Finishers,0.890648,2.515090,0.000000,0.000000,0.000000,0.000000,0.000000,0.000000,0.400000,1.950000,1.100000
11-9031.00,"Education and Childcare Administrators, Preschool and Daycare",0.890494,2.518634,0.050000,1.050000,1.050000,0.000000,1.250000,0.000000,0.000000,0.000000,0.000000
49-9045.00,"Refractory Materials Repairers, Except Brickmasons",0.890310,2.522867,0.000000,0.000000,0.000000,0.000000,0.000000,0.000000,0.300000,2.000000,1.150000
19-3011.00,Economists,0.889999,2.530012,0.150000,0.350000,1.300000,0.000000,1.100000,0.750000,0.000000,0.000000,0.000000
27-1013.00,"Fine Artists, Including Painters, Sculptors, and Illustrators",0.889959,2.530933,0.000000,0.000000,0.250000,0.400000,0.550000,0.000000,1.000000,1.850000,0.700000
17-3024.01,Robotics Technicians,0.889741,2.535951,0.000000,0.000000,0.000000,0.000000,0.000000,0.000000,0.150000,1.900000,1.250000
51-2041.00,Structural Metal Fabricators and Fitters,0.889473,2.542110,0.000000,0.000000,0.000000,0.000000,0.000000,0.000000,1.000000,2.000000,1.200000
25-2058.00,"Special Education Teachers, Secondary School",0.889435,2.542985,0.200000,1.250000,1.100000,0.000000,1.100000,0.000000,0.000000,0.000000,0.000000
29-1224.00,Radiologists,0.888991,2.553218,0.000000,0.500000,0.850000,0.000000,0.900000,0.250000,1.100000,0.700000,0.300000
51-9071.00,Jewelers and Precious Stone and Metal Workers,0.888781,2.558027,0.000000,0.000000,0.000000,0.000000,0.000000,0.000000,1.000000,2.150000,1.200000
49-2092.00,"Electric Motor, Power Tool, and Related Repairers",0.888771,2.558256,0.000000,0.000000,0.000000,0.000000,0.000000,0.000000,0.200000,2.000000,1.000000
27-2012.03,Media Programming Directors,0.888153,2.572489,0.200000,1.000000,1.000000,0.000000,1.250000,0.000000,0.000000,0.000000,0.000000
51-4061.00,"Model Makers, Metal and Plastic",0.887997,2.576075,0.000000,0.000000,0.000000,0.000000,0.000000,0.000000,0.900000,2.000000,1.000000
53-4022.00,"Railroad Brake, Signal, and Switch Operators and Locomotive Firers",0.887854,2.579367,0.000000,0.000000,0.000000,0.000000,0.000000,0.000000,0.600000,1.500000,1.250000
39-7012.00,Travel Guides,0.887626,2.584611,0.050000,1.000000,1.000000,0.000000,0.250000,0.000000,0.250000,1.050000,1.750000
11-9041.00,Architectural and Engineering Managers,0.887521,2.587012,0.000000,1.000000,1.250000,0.000000,1.250000,0.250000,0.000000,0.000000,0.000000
31-9011.00,Massage Therapists,0.887381,2.590234,0.000000,0.600000,0.000000,0.000000,0.000000,0.000000,0.000000,2.450000,1.950000
13-1075.00,Labor Relations Specialists,0.886926,2.600701,0.150000,1.100000,1.150000,0.000000,0.900000,0.200000,0.000000,0.000000,0.000000
17-1011.00,"Architects, Except Landscape and Naval",0.886518,2.610081,0.000000,1.000000,1.250000,0.000000,1.250000,0.100000,0.450000,0.000000,0.000000
13-1111.00,Management Analysts,0.886473,2.611131,0.000000,1.000000,1.250000,0.000000,1.050000,0.000000,0.000000,0.000000,0.000000
51-2031.00,Engine and Other Machine Assemblers,0.886445,2.611766,0.000000,0.000000,0.000000,0.000000,0.000000,0.000000,0.600000,2.000000,1.000000
51-4121.00,"Welders, Cutters, Solderers, and Brazers",0.886431,2.612093,0.000000,0.000000,0.000000,0.000000,0.000000,0.000000,0.950000,2.000000,1.150000
45-3031.00,Fishing and Hunting Workers,0.886286,2.615428,0.000000,0.000000,0.200000,0.000000,0.050000,0.000000,0.800000,1.550000,1.800000
25-1111.00,"Criminal Justice and Law Enforcement Teachers, Postsecondary",0.886214,2.617089,0.250000,1.000000,1.200000,0.000000,1.250000,0.500000,0.000000,0.000000,0.000000
49-9063.00,Musical Instrument Repairers and Tuners,0.886076,2.620243,0.000000,0.000000,0.000000,0.000000,0.000000,0.000000,0.400000,2.000000,1.100000
47-2231.00,Solar Photovoltaic Installers,0.885689,2.629151,0.000000,0.000000,0.000000,0.000000,0.000000,0.000000,0.700000,1.950000,1.750000
53-6051.01,Aviation Inspectors,0.885426,2.635201,0.000000,0.150000,0.950000,0.000000,0.800000,0.000000,1.000000,0.500000,1.400000
47-4041.00,Hazardous Materials Removal Workers,0.885241,2.639452,0.000000,0.000000,0.000000,0.000000,0.000000,0.000000,0.400000,1.700000,1.650000
51-9022.00,"Grinding and Polishing Workers, Hand",0.885173,2.641027,0.000000,0.000000,0.000000,0.000000,0.000000,0.000000,0.500000,1.900000,0.950000
39-2011.00,Animal Trainers,0.884629,2.653541,0.000000,0.000000,0.700000,0.000000,0.200000,0.000000,0.750000,1.500000,1.700000
47-5051.00,"Rock Splitters, Quarry",0.884613,2.653901,0.000000,0.000000,0.000000,0.000000,0.000000,0.000000,0.450000,1.750000,1.400000
27-1012.00,Craft Artists,0.884571,2.654869,0.000000,0.000000,0.000000,0.000000,0.000000,0.000000,0.750000,2.200000,1.100000
33-2021.00,Fire Inspectors and Investigators,0.884423,2.658269,0.000000,0.700000,0.950000,0.000000,0.950000,0.000000,0.950000,0.550000,0.950000
25-1124.00,"Foreign Language and Literature Teachers, Postsecondary",0.883963,2.668843,0.750000,1.000000,0.750000,0.000000,1.050000,0.750000,0.000000,0.000000,0.000000
47-2151.00,Pipelayers,0.883919,2.669855,0.000000,0.000000,0.000000,0.000000,0.000000,0.000000,0.250000,1.700000,1.750000
49-9052.00,Telecommunications Line Installers and Repairers,0.883638,2.676331,0.000000,0.000000,0.000000,0.000000,0.000000,0.000000,0.450000,1.950000,1.750000
49-3052.00,Motorcycle Mechanics,0.883092,2.688886,0.000000,0.000000,0.000000,0.000000,0.000000,0.000000,0.550000,1.950000,1.250000
53-5011.00,Sailors and Marine Oilers,0.883040,2.690086,0.000000,0.000000,0.000000,0.000000,0.000000,0.000000,0.400000,1.500000,1.500000
25-1081.00,"Education Teachers, Postsecondary",0.882993,2.691165,0.250000,1.000000,1.200000,0.000000,1.200000,0.500000,0.000000,0.000000,0.000000
51-4041.00,Machinists,0.882772,2.696238,0.000000,0.000000,0.000000,0.000000,0.000000,0.000000,0.800000,2.000000,1.000000
51-9195.03,"Stone Cutters and Carvers, Manufacturing",0.882295,2.707207,0.000000,0.000000,0.000000,0.000000,0.000000,0.000000,0.950000,2.050000,1.000000
27-2022.00,Coaches and Scouts,0.882080,2.712166,0.000000,1.100000,0.950000,0.000000,0.950000,0.000000,0.600000,0.000000,0.850000
13-1011.00,"Agents and Business Managers of Artists, Performers, and Athletes",0.882039,2.713097,0.250000,1.100000,1.250000,0.000000,1.250000,0.250000,0.000000,0.000000,0.000000
19-4092.00,Forensic Science Technicians,0.882038,2.713130,0.000000,0.300000,0.650000,0.000000,0.700000,0.000000,1.000000,1.400000,1.000000
29-1129.01,Art Therapists,0.881917,2.715917,0.100000,1.250000,1.250000,0.000000,1.000000,0.000000,0.200000,0.450000,0.000000
53-5031.00,Ship Engineers,0.881865,2.717101,0.000000,0.000000,0.100000,0.000000,0.200000,0.000000,0.150000,1.750000,1.700000
25-1067.00,"Sociology Teachers, Postsecondary",0.881591,2.723411,0.500000,1.000000,1.200000,0.000000,1.200000,0.750000,0.000000,0.000000,0.000000
19-3051.00,Urban and Regional Planners,0.881507,2.725328,0.050000,1.000000,1.250000,0.000000,1.250000,0.150000,0.000000,0.000000,0.000000
33-9011.00,Animal Control Workers,0.881240,2.731482,0.000000,0.500000,0.400000,0.000000,0.250000,0.000000,0.800000,1.550000,1.750000
25-1032.00,"Engineering Teachers, Postsecondary",0.880927,2.738676,0.150000,1.000000,1.150000,0.000000,1.250000,0.750000,0.000000,0.000000,0.000000
47-4051.00,Highway Maintenance Workers,0.880832,2.740873,0.000000,0.000000,0.000000,0.000000,0.000000,0.000000,0.700000,1.500000,1.600000
19-2012.00,Physicists,0.880767,2.742364,0.000000,0.250000,1.250000,0.000000,1.250000,0.750000,0.000000,0.000000,0.000000
29-2055.00,Surgical Technologists,0.880565,2.747011,0.000000,0.200000,0.000000,0.000000,0.000000,0.000000,0.950000,2.250000,1.550000
53-3033.00,Light Truck Drivers,0.880365,2.751610,0.000000,0.000000,0.000000,0.000000,0.000000,0.000000,1.050000,1.000000,1.850000
49-3021.00,Automotive Body and Related Repairers,0.880344,2.752095,0.000000,0.000000,0.000000,0.000000,0.000000,0.000000,1.000000,2.000000,1.300000
25-1123.00,"English Language and Literature Teachers, Postsecondary",0.879973,2.760618,0.750000,1.000000,0.950000,0.000000,1.050000,0.450000,0.000000,0.000000,0.000000
25-2057.00,"Special Education Teachers, Middle School",0.879442,2.772827,0.250000,1.250000,1.250000,0.000000,1.250000,0.000000,0.000000,0.000000,0.000000
29-2091.00,Orthotists and Prosthetists,0.878686,2.790213,0.000000,0.550000,0.550000,0.000000,0.300000,0.000000,0.700000,1.900000,1.150000
45-2093.00,"Farmworkers, Farm, Ranch, and Aquacultural Animals",0.878491,2.794702,0.000000,0.000000,0.000000,0.000000,0.000000,0.000000,0.750000,1.750000,1.750000
49-9021.00,"Heating, Air Conditioning, and Refrigeration Mechanics and Installers",0.878486,2.794822,0.000000,0.000000,0.000000,0.000000,0.000000,0.000000,0.300000,1.950000,1.750000
49-9094.00,Locksmiths and Safe Repairers,0.878016,2.805635,0.000000,0.000000,0.000000,0.000000,0.000000,0.000000,0.700000,2.000000,1.450000
47-5081.00,Helpers--Extraction Workers,0.878008,2.805822,0.000000,0.000000,0.000000,0.000000,0.000000,0.000000,0.250000,1.500000,1.400000
25-1125.00,"History Teachers, Postsecondary",0.877957,2.806991,0.500000,1.000000,0.950000,0.000000,1.050000,0.750000,0.000000,0.000000,0.000000
49-9011.00,Mechanical Door Repairers,0.877806,2.810470,0.000000,0.000000,0.000000,0.000000,0.000000,0.000000,0.300000,2.000000,1.450000
19-1029.04,Biologists,0.877407,2.819634,0.000000,0.400000,1.000000,0.000000,1.200000,0.750000,0.150000,0.750000,0.400000
39-4011.00,Embalmers,0.877367,2.820556,0.000000,0.750000,0.000000,0.000000,0.100000,0.000000,0.750000,2.050000,1.450000
47-5071.00,"Roustabouts, Oil and Gas",0.877158,2.825367,0.000000,0.000000,0.000000,0.000000,0.000000,0.000000,0.400000,1.750000,1.650000
31-2021.00,Physical Therapist Assistants,0.876024,2.851452,0.000000,0.650000,0.000000,0.000000,0.000000,0.000000,0.550000,2.450000,1.850000
51-6093.00,Upholsterers,0.875954,2.853066,0.000000,0.000000,0.000000,0.000000,0.000000,0.000000,0.750000,1.850000,1.100000
25-1126.00,"Philosophy and Religion Teachers, Postsecondary",0.875847,2.855519,0.700000,1.000000,1.200000,0.000000,1.250000,0.450000,0.000000,0.000000,0.000000
25-1062.00,"Area, Ethnic, and Cultural Studies Teachers, Postsecondary",0.875642,2.860238,0.500000,1.000000,1.200000,0.000000,1.150000,0.650000,0.000000,0.000000,0.000000
21-1011.00,Substance Abuse and Behavioral Disorder Counselors,0.875633,2.860448,0.150000,1.300000,1.250000,0.000000,1.000000,0.000000,0.000000,0.000000,0.000000
25-1063.00,"Economics Teachers, Postsecondary",0.875612,2.860923,0.500000,1.000000,1.250000,0.000000,1.200000,0.750000,0.000000,0.000000,0.000000
47-2152.00,"Plumbers, Pipefitters, and Steamfitters",0.875128,2.872053,0.000000,0.000000,0.000000,0.000000,0.000000,0.000000,0.500000,2.000000,1.750000
25-1065.00,"Political Science Teachers, Postsecondary",0.875089,2.872942,0.500000,1.000000,1.250000,0.000000,1.150000,0.750000,0.000000,0.000000,0.000000
47-4091.00,Segmental Pavers,0.874706,2.881754,0.000000,0.000000,0.000000,0.000000,0.000000,0.000000,0.650000,1.750000,1.700000
23-1021.00,"Administrative Law Judges, Adjudicators, and Hearing Officers",0.874675,2.882480,0.250000,1.000000,1.050000,0.000000,1.050000,0.700000,0.000000,0.000000,0.000000
19-1029.03,Geneticists,0.874557,2.885186,0.000000,0.500000,1.050000,0.000000,1.250000,0.750000,0.000000,0.500000,0.000000
25-1042.00,"Biological Science Teachers, Postsecondary",0.874252,2.892194,0.250000,1.000000,1.150000,0.000000,1.250000,0.750000,0.000000,0.000000,0.000000
49-3051.00,Motorboat Mechanics and Service Technicians,0.874242,2.892423,0.000000,0.000000,0.000000,0.000000,0.000000,0.000000,0.400000,1.900000,1.600000
51-9195.05,"Potters, Manufacturing",0.874150,2.894547,0.000000,0.100000,0.000000,0.000000,0.000000,0.000000,0.600000,2.050000,1.050000
47-4031.00,Fence Erectors,0.873861,2.901188,0.000000,0.000000,0.000000,0.000000,0.000000,0.000000,0.500000,1.750000,1.750000
31-2011.00,Occupational Therapy Assistants,0.873728,2.904267,0.000000,0.950000,0.000000,0.000000,0.000000,0.000000,0.150000,2.250000,1.900000
25-2051.00,"Special Education Teachers, Preschool",0.873466,2.910293,0.250000,1.350000,1.100000,0.000000,0.900000,0.000000,0.400000,0.750000,1.600000
47-2121.00,Glaziers,0.873462,2.910385,0.000000,0.000000,0.000000,0.000000,0.000000,0.000000,0.750000,2.000000,1.750000
25-1021.00,"Computer Science Teachers, Postsecondary",0.873378,2.912301,0.250000,1.000000,1.050000,0.000000,1.250000,0.700000,0.000000,0.000000,0.000000
25-1043.00,"Forestry and Conservation Science Teachers, Postsecondary",0.873304,2.914005,0.200000,1.000000,1.150000,0.000000,1.200000,0.750000,0.000000,0.000000,0.000000
15-1221.00,Computer and Information Research Scientists,0.873295,2.914208,0.000000,0.750000,1.300000,0.000000,1.300000,0.800000,0.000000,0.000000,0.000000
19-1029.02,Molecular and Cellular Biologists,0.873222,2.915894,0.000000,0.400000,1.000000,0.000000,1.200000,0.750000,0.000000,0.850000,0.000000
25-1054.00,"Physics Teachers, Postsecondary",0.873118,2.918279,0.150000,1.000000,1.100000,0.000000,1.200000,0.750000,0.000000,0.150000,0.000000
25-1053.00,"Environmental Science Teachers, Postsecondary",0.873037,2.920148,0.250000,1.000000,1.250000,0.000000,1.250000,0.750000,0.000000,0.000000,0.000000
49-3043.00,Rail Car Repairers,0.872646,2.929152,0.000000,0.000000,0.000000,0.000000,0.000000,0.000000,0.600000,2.000000,1.000000
25-1051.00,"Atmospheric, Earth, Marine, and Space Sciences Teachers, Postsecondary",0.872574,2.930794,0.200000,1.000000,1.150000,0.000000,1.250000,0.750000,0.000000,0.000000,0.000000
31-1122.00,Personal Care Aides,0.872104,2.941599,0.000000,1.000000,0.600000,0.000000,0.000000,0.000000,0.500000,2.550000,2.500000
11-1011.03,Chief Sustainability Officers,0.871992,2.944194,0.050000,1.000000,1.250000,0.000000,1.250000,0.250000,0.000000,0.000000,0.000000
39-5012.00,"Hairdressers, Hairstylists, and Cosmetologists",0.871962,2.944873,0.000000,0.750000,0.150000,0.000000,0.000000,0.000000,0.800000,2.150000,1.600000
25-1071.00,"Health Specialties Teachers, Postsecondary",0.871852,2.947410,0.250000,1.000000,1.250000,0.000000,1.250000,0.750000,0.000000,0.000000,0.000000
33-9092.00,"Lifeguards, Ski Patrol, and Other Recreational Protective Service Workers",0.871798,2.948652,0.000000,0.650000,0.800000,0.000000,0.250000,0.000000,1.500000,1.900000,2.350000
47-2022.00,Stonemasons,0.871670,2.951579,0.000000,0.000000,0.000000,0.000000,0.000000,0.000000,0.800000,2.000000,1.600000
29-1229.02,Hospitalists,0.871660,2.951814,0.050000,1.000000,1.150000,0.000000,1.100000,0.450000,0.000000,0.000000,0.000000
21-1022.00,Healthcare Social Workers,0.871565,2.953999,0.200000,1.250000,1.250000,0.000000,1.150000,0.200000,0.000000,0.000000,0.000000
49-9031.00,Home Appliance Repairers,0.871523,2.954971,0.000000,0.000000,0.100000,0.000000,0.050000,0.000000,0.500000,1.950000,1.750000
25-1052.00,"Chemistry Teachers, Postsecondary",0.871210,2.962172,0.200000,1.000000,1.150000,0.000000,1.250000,0.750000,0.000000,0.000000,0.000000
47-2081.00,Drywall and Ceiling Tile Installers,0.871121,2.964213,0.000000,0.000000,0.000000,0.000000,0.000000,0.000000,0.750000,2.000000,1.600000
33-1012.00,First-Line Supervisors of Police and Detectives,0.871043,2.966021,0.200000,1.100000,1.250000,0.000000,1.250000,0.150000,0.000000,0.000000,0.000000
27-2012.00,Producers and Directors,0.870892,2.969480,0.250000,1.250000,1.250000,0.100000,1.250000,0.050000,0.200000,0.000000,0.000000
51-7011.00,Cabinetmakers and Bench Carpenters,0.870748,2.972793,0.000000,0.000000,0.000000,0.000000,0.000000,0.000000,0.900000,2.000000,1.000000
11-9121.00,Natural Sciences Managers,0.870730,2.973203,0.000000,1.000000,1.250000,0.000000,1.250000,0.750000,0.000000,0.000000,0.000000
17-2199.08,Robotics Engineers,0.870672,2.974539,0.000000,0.000000,0.950000,0.000000,1.000000,0.100000,0.100000,1.200000,1.000000
47-4071.00,Septic Tank Servicers and Sewer Pipe Cleaners,0.870619,2.975771,0.000000,0.000000,0.000000,0.000000,0.000000,0.000000,0.100000,1.850000,1.750000
25-1041.00,"Agricultural Sciences Teachers, Postsecondary",0.870456,2.979506,0.250000,1.000000,1.100000,0.000000,1.250000,0.750000,0.000000,0.000000,0.000000
47-2161.00,Plasterers and Stucco Masons,0.870210,2.985161,0.000000,0.000000,0.000000,0.000000,0.000000,0.000000,0.750000,1.950000,1.650000
25-1112.00,"Law Teachers, Postsecondary",0.870069,2.988412,0.550000,1.000000,1.150000,0.000000,1.050000,0.700000,0.000000,0.000000,0.000000
31-1133.00,Psychiatric Aides,0.869743,2.995917,0.000000,1.150000,0.550000,0.000000,0.050000,0.000000,0.050000,1.600000,1.900000
47-2171.00,Reinforcing Iron and Rebar Workers,0.869445,3.002762,0.000000,0.000000,0.000000,0.000000,0.000000,0.000000,0.500000,2.000000,1.500000
47-5013.00,"Service Unit Operators, Oil and Gas",0.869439,3.002905,0.000000,0.000000,0.000000,0.000000,0.150000,0.000000,0.050000,1.700000,1.750000
25-1011.00,"Business Teachers, Postsecondary",0.868832,3.016874,0.450000,1.000000,1.250000,0.000000,1.250000,0.700000,0.000000,0.000000,0.000000
29-2061.00,Licensed Practical and Licensed Vocational Nurses,0.868769,3.018314,0.000000,0.750000,0.350000,0.000000,0.050000,0.000000,0.450000,1.950000,2.000000
29-1222.00,"Physicians, Pathologists",0.868733,3.019146,0.000000,0.550000,1.000000,0.000000,1.000000,0.500000,0.850000,1.250000,0.150000
19-1042.00,"Medical Scientists, Except Epidemiologists",0.868266,3.029883,0.000000,0.250000,1.150000,0.000000,1.250000,0.750000,0.300000,0.950000,0.000000
19-3039.02,Neuropsychologists,0.868254,3.030151,0.050000,1.100000,1.150000,0.000000,1.000000,0.500000,0.000000,0.000000,0.000000
19-3091.00,Anthropologists and Archeologists,0.868192,3.031588,0.200000,1.200000,1.400000,0.000000,1.000000,0.600000,0.400000,0.550000,0.200000
29-1229.01,Allergists and Immunologists,0.867727,3.042284,0.000000,1.000000,0.800000,0.000000,1.000000,0.700000,0.000000,1.000000,0.000000
47-5032.00,"Explosives Workers, Ordnance Handling Experts, and Blasters",0.867506,3.047357,0.000000,0.000000,0.000000,0.000000,0.000000,0.000000,0.300000,1.700000,1.650000
19-3034.00,School Psychologists,0.866584,3.068564,0.250000,1.250000,1.250000,0.000000,1.050000,0.250000,0.000000,0.000000,0.000000
47-4021.00,Elevator and Escalator Installers and Repairers,0.866133,3.078943,0.000000,0.000000,0.000000,0.000000,0.000000,0.000000,1.000000,2.000000,1.550000
49-3023.00,Automotive Service Technicians and Mechanics,0.866054,3.080751,0.000000,0.000000,0.050000,0.000000,0.000000,0.000000,0.750000,2.000000,1.400000
47-2021.00,Brickmasons and Blockmasons,0.865833,3.085844,0.000000,0.000000,0.000000,0.000000,0.000000,0.000000,0.850000,2.000000,1.500000
11-9013.00,"Farmers, Ranchers, and Other Agricultural Managers",0.865666,3.089671,0.000000,0.250000,1.100000,0.000000,0.850000,0.000000,0.250000,1.250000,1.500000
47-5022.00,"Excavating and Loading Machine and Dragline Operators, Surface Mining",0.865659,3.089841,0.000000,0.000000,0.000000,0.000000,0.000000,0.000000,0.650000,1.200000,1.500000
11-9111.00,Medical and Health Services Managers,0.865555,3.092238,0.000000,1.000000,1.250000,0.000000,1.250000,0.250000,0.000000,0.000000,0.000000
29-1023.00,Orthodontists,0.865067,3.103462,0.000000,0.300000,0.350000,0.000000,0.500000,0.000000,0.800000,1.900000,1.150000
47-2211.00,Sheet Metal Workers,0.864586,3.114512,0.000000,0.000000,0.000000,0.000000,0.000000,0.000000,0.750000,2.000000,1.750000
35-1011.00,Chefs and Head Cooks,0.864548,3.115393,0.000000,0.800000,0.600000,0.000000,0.400000,0.000000,0.650000,1.600000,1.400000
47-2181.00,Roofers,0.863692,3.135091,0.000000,0.000000,0.000000,0.000000,0.000000,0.000000,0.750000,2.000000,1.700000
47-5023.00,"Earth Drillers, Except Oil and Gas",0.863664,3.135735,0.000000,0.000000,0.000000,0.000000,0.000000,0.000000,0.150000,1.550000,1.800000
47-5012.00,"Rotary Drill Operators, Oil and Gas",0.863433,3.141030,0.000000,0.000000,0.000000,0.000000,0.000000,0.000000,0.250000,1.800000,1.750000
47-2111.00,Electricians,0.863276,3.144646,0.000000,0.000000,0.050000,0.000000,0.100000,0.000000,0.950000,2.000000,1.750000
19-1032.00,Foresters,0.863214,3.146082,0.000000,0.500000,1.100000,0.000000,1.050000,0.050000,0.700000,0.750000,1.500000
33-3051.04,Customs and Border Protection Officers,0.863021,3.150516,0.000000,1.000000,1.000000,0.000000,0.750000,0.000000,1.000000,0.750000,1.450000
49-3031.00,Bus and Truck Mechanics and Diesel Engine Specialists,0.862980,3.151457,0.000000,0.000000,0.000000,0.000000,0.000000,0.000000,0.400000,2.000000,1.500000
25-1031.00,"Architecture Teachers, Postsecondary",0.862968,3.151744,0.500000,1.000000,1.150000,0.000000,1.200000,0.650000,0.000000,0.000000,0.000000
19-3032.00,Industrial-Organizational Psychologists,0.862616,3.159832,0.150000,1.250000,1.250000,0.000000,1.000000,0.150000,0.000000,0.000000,0.000000
47-1011.00,First-Line Supervisors of Construction Trades and Extraction Workers,0.862469,3.163202,0.000000,0.850000,0.950000,0.000000,0.750000,0.000000,0.700000,1.000000,1.600000
19-3039.03,Clinical Neuropsychologists,0.862387,3.165107,0.150000,1.200000,1.200000,0.000000,1.000000,0.400000,0.000000,0.000000,0.000000
25-1066.00,"Psychology Teachers, Postsecondary",0.862246,3.168339,0.500000,1.050000,1.250000,0.000000,1.250000,0.750000,0.000000,0.000000,0.000000
29-1129.02,Music Therapists,0.862090,3.171927,0.100000,1.300000,1.300000,0.000000,1.000000,0.200000,0.000000,0.700000,0.000000
11-9151.00,Social and Community Service Managers,0.861888,3.176577,0.150000,1.250000,1.250000,0.000000,1.250000,0.250000,0.000000,0.000000,0.000000
25-1072.00,"Nursing Instructors and Teachers, Postsecondary",0.861886,3.176629,0.250000,1.150000,1.250000,0.000000,1.200000,0.400000,0.000000,0.500000,0.000000
53-7021.00,Crane and Tower Operators,0.861823,3.178069,0.000000,0.000000,0.000000,0.000000,0.000000,0.000000,0.950000,1.400000,1.450000
29-1011.00,Chiropractors,0.861699,3.180912,0.000000,0.700000,0.200000,0.000000,0.450000,0.000000,0.500000,2.300000,1.850000
29-1229.04,Physical Medicine and Rehabilitation Physicians,0.861318,3.189679,0.000000,1.000000,1.250000,0.000000,1.200000,0.450000,0.150000,0.550000,0.000000
11-9161.00,Emergency Management Directors,0.861201,3.192377,0.150000,1.050000,1.250000,0.000000,1.250000,0.250000,0.000000,0.000000,0.000000
29-1141.01,Acute Care Nurses,0.861036,3.196165,0.050000,1.000000,1.000000,0.000000,1.000000,0.000000,0.700000,1.850000,1.800000
49-9096.00,Riggers,0.860840,3.200674,0.000000,0.000000,0.000000,0.000000,0.200000,0.000000,1.000000,2.000000,1.850000
25-1061.00,"Anthropology and Archeology Teachers, Postsecondary",0.860260,3.214025,0.500000,1.000000,1.250000,0.000000,1.250000,0.650000,0.000000,0.000000,0.000000
29-2053.00,Psychiatric Technicians,0.859851,3.223423,0.050000,1.300000,1.000000,0.000000,0.550000,0.000000,0.000000,1.500000,1.850000
33-3012.00,Correctional Officers and Jailers,0.859726,3.226300,0.000000,0.900000,0.850000,0.000000,0.250000,0.000000,0.750000,0.950000,1.750000
45-4022.00,Logging Equipment Operators,0.859196,3.238497,0.000000,0.000000,0.000000,0.000000,0.000000,0.000000,1.000000,1.100000,1.900000
29-1217.00,Neurologists,0.859135,3.239890,0.000000,1.000000,1.250000,0.000000,1.000000,0.700000,0.550000,0.000000,0.000000
47-2061.00,Construction Laborers,0.859126,3.240092,0.000000,0.000000,0.000000,0.000000,0.000000,0.000000,0.800000,1.800000,1.750000
19-1041.00,Epidemiologists,0.858780,3.248067,0.000000,0.750000,1.250000,0.000000,1.050000,0.750000,0.000000,0.000000,0.000000
31-1121.00,Home Health Aides,0.858297,3.259163,0.000000,1.000000,0.400000,0.000000,0.000000,0.000000,0.700000,2.450000,2.500000
11-3121.00,Human Resources Managers,0.858190,3.261619,0.250000,1.250000,1.250000,0.000000,1.200000,0.250000,0.000000,0.000000,0.000000
47-2031.00,Carpenters,0.858057,3.264678,0.000000,0.000000,0.000000,0.000000,0.000000,0.000000,0.750000,2.000000,1.750000
49-9081.00,Wind Turbine Service Technicians,0.857930,3.267609,0.000000,0.000000,0.000000,0.000000,0.000000,0.000000,0.700000,2.000000,1.900000
19-1023.00,Zoologists and Wildlife Biologists,0.857826,3.269991,0.000000,0.600000,1.200000,0.000000,1.100000,0.350000,0.750000,1.150000,0.950000
47-2051.00,Cement Masons and Concrete Finishers,0.856829,3.292937,0.000000,0.000000,0.000000,0.000000,0.000000,0.000000,0.650000,1.950000,1.750000
47-5011.00,"Derrick Operators, Oil and Gas",0.856725,3.295332,0.000000,0.000000,0.000000,0.000000,0.000000,0.000000,0.350000,1.750000,1.750000
53-5022.00,Motorboat Operators,0.856487,3.300808,0.000000,0.000000,0.000000,0.000000,0.000000,0.000000,1.100000,1.250000,1.750000
11-9033.00,"Education Administrators, Postsecondary",0.855255,3.329143,0.250000,1.250000,1.250000,0.000000,1.250000,0.250000,0.000000,0.000000,0.000000
29-1141.02,Advanced Practice Psychiatric Nurses,0.855024,3.334446,0.250000,1.300000,1.300000,0.000000,1.050000,0.050000,0.000000,0.350000,0.000000
25-1113.00,"Social Work Teachers, Postsecondary",0.854891,3.337498,0.500000,1.250000,1.250000,0.000000,1.200000,0.550000,0.000000,0.000000,0.000000
19-3094.00,Political Scientists,0.854808,3.339418,0.500000,1.000000,1.500000,0.000000,1.250000,0.650000,0.000000,0.000000,0.000000
29-1071.01,Anesthesiologist Assistants,0.854652,3.343009,0.000000,0.300000,0.650000,0.000000,0.700000,0.000000,0.400000,1.850000,1.650000
33-3052.00,Transit and Railroad Police,0.854092,3.355888,0.000000,0.750000,0.750000,0.000000,0.550000,0.000000,0.750000,0.700000,1.900000
29-1081.00,Podiatrists,0.853854,3.361357,0.000000,0.550000,0.400000,0.000000,0.600000,0.000000,0.800000,2.450000,1.650000
51-9195.04,"Glass Blowers, Molders, Benders, and Finishers",0.852097,3.401775,0.000000,0.000000,0.000000,0.000000,0.000000,0.000000,0.950000,2.250000,1.250000
11-9032.00,"Education Administrators, Kindergarten through Secondary",0.852007,3.403838,0.150000,1.150000,1.250000,0.000000,1.250000,0.200000,0.000000,0.000000,0.000000
29-1216.00,General Internal Medicine Physicians,0.851663,3.411740,0.000000,1.000000,1.400000,0.000000,1.250000,0.400000,0.000000,0.650000,0.000000
13-1041.06,Coroners,0.850856,3.430323,0.000000,1.000000,1.200000,0.000000,1.000000,0.150000,0.600000,1.100000,1.050000
49-3042.00,"Mobile Heavy Equipment Mechanics, Except Engines",0.849180,3.468852,0.000000,0.000000,0.000000,0.000000,0.000000,0.000000,0.750000,2.000000,1.500000
53-3011.00,"Ambulance Drivers and Attendants, Except Emergency Medical Technicians",0.848787,3.477907,0.000000,0.450000,0.200000,0.000000,0.000000,0.000000,0.750000,2.000000,2.100000
29-1122.00,Occupational Therapists,0.848172,3.492048,0.000000,1.100000,1.150000,0.000000,1.050000,0.150000,0.250000,1.400000,1.550000
33-1011.00,First-Line Supervisors of Correctional Officers,0.847870,3.498991,0.000000,1.000000,1.000000,0.000000,0.800000,0.000000,0.300000,1.050000,1.750000
47-5041.00,Continuous Mining Machine Operators,0.847265,3.512899,0.000000,0.000000,0.000000,0.000000,0.000000,0.000000,0.700000,1.600000,1.950000
49-3011.00,Aircraft Mechanics and Service Technicians,0.847052,3.517812,0.000000,0.000000,0.000000,0.000000,0.100000,0.000000,1.000000,2.000000,1.550000
21-1021.00,"Child, Family, and School Social Workers",0.847008,3.518805,0.250000,1.350000,1.400000,0.000000,1.250000,0.200000,0.000000,0.000000,0.000000
29-1229.05,Preventive Medicine Physicians,0.846147,3.538618,0.000000,1.000000,1.250000,0.000000,1.250000,0.600000,0.000000,0.000000,0.000000
47-2011.00,Boilermakers,0.845618,3.550775,0.000000,0.000000,0.000000,0.000000,0.000000,0.000000,1.000000,2.050000,1.600000
19-3041.00,Sociologists,0.845218,3.559983,0.450000,1.200000,1.500000,0.000000,1.250000,0.750000,0.000000,0.000000,0.000000
49-9041.00,Industrial Machinery Mechanics,0.844509,3.576289,0.000000,0.000000,0.000000,0.000000,0.000000,0.000000,0.900000,2.000000,1.650000
47-2073.00,Operating Engineers and Other Construction Equipment Operators,0.844464,3.577339,0.000000,0.000000,0.000000,0.000000,0.000000,0.000000,1.200000,1.650000,1.950000
49-9071.00,"Maintenance and Repair Workers, General",0.844212,3.583125,0.000000,0.000000,0.550000,0.000000,0.150000,0.000000,0.950000,2.000000,1.750000
29-9099.01,Midwives,0.842917,3.612919,0.050000,1.100000,1.050000,0.000000,0.950000,0.000000,0.250000,1.550000,1.750000
39-9011.01,Nannies,0.842815,3.615256,0.000000,1.200000,0.850000,0.000000,0.250000,0.000000,0.800000,1.500000,2.300000
49-3041.00,Farm Equipment Mechanics and Service Technicians,0.842629,3.619531,0.000000,0.000000,0.100000,0.000000,0.000000,0.000000,0.750000,2.000000,1.700000
29-1071.00,Physician Assistants,0.842389,3.625063,0.000000,1.000000,0.850000,0.000000,1.000000,0.000000,0.550000,1.700000,1.600000
21-2011.00,Clergy,0.839730,3.686207,0.500000,1.650000,1.500000,0.000000,1.000000,0.050000,0.000000,0.000000,0.000000
49-9095.00,Manufactured Building and Mobile Home Installers,0.838081,3.724130,0.000000,0.000000,0.000000,0.000000,0.000000,0.000000,0.600000,1.750000,1.750000
21-1023.00,Mental Health and Substance Abuse Social Workers,0.835904,3.774205,0.250000,1.600000,1.550000,0.000000,1.200000,0.200000,0.000000,0.000000,0.000000
49-9044.00,Millwrights,0.835761,3.777508,0.000000,0.000000,0.000000,0.000000,0.000000,0.000000,1.000000,2.000000,1.700000
53-5021.00,"Captains, Mates, and Pilots of Water Vessels",0.835707,3.778728,0.000000,0.450000,1.000000,0.000000,1.100000,0.000000,1.250000,0.000000,2.050000
29-1229.06,Sports Medicine Physicians,0.835452,3.784607,0.100000,1.000000,1.150000,0.000000,1.050000,0.550000,0.300000,0.850000,0.000000
53-3032.00,Heavy and Tractor-Trailer Truck Drivers,0.833950,3.819149,0.000000,0.000000,0.000000,0.000000,0.000000,0.000000,1.150000,1.300000,2.150000
45-4021.00,Fallers,0.831139,3.883807,0.000000,0.000000,0.000000,0.000000,0.000000,0.000000,1.000000,2.000000,1.900000
23-1022.00,"Arbitrators, Mediators, and Conciliators",0.830492,3.898678,0.500000,1.500000,1.500000,0.000000,1.250000,0.700000,0.000000,0.000000,0.000000
29-1213.00,Dermatologists,0.826329,3.994434,0.000000,1.000000,0.800000,0.000000,1.000000,0.700000,1.000000,1.800000,1.300000
29-1141.03,Critical Care Nurses,0.826235,3.996596,0.000000,1.000000,1.050000,0.000000,0.950000,0.000000,0.350000,1.550000,1.750000
49-9051.00,Electrical Power-Line Installers and Repairers,0.825132,4.021961,0.000000,0.000000,0.000000,0.000000,0.000000,0.000000,1.150000,2.000000,2.000000
19-3033.00,Clinical and Counseling Psychologists,0.823942,4.049338,0.250000,1.550000,1.650000,0.000000,1.200000,0.450000,0.000000,0.000000,0.000000
37-3013.00,Tree Trimmers and Pruners,0.822759,4.076538,0.000000,0.000000,0.050000,0.000000,0.000000,0.000000,1.000000,2.050000,1.900000
33-3031.00,Fish and Game Wardens,0.821733,4.100130,0.000000,0.650000,0.800000,0.000000,0.600000,0.000000,1.050000,1.350000,2.400000
29-1024.00,Prosthodontists,0.821621,4.102728,0.000000,0.450000,0.750000,0.000000,0.650000,0.000000,1.000000,2.350000,1.500000
21-1013.00,Marriage and Family Therapists,0.821378,4.108301,0.350000,1.750000,1.650000,0.000000,1.200000,0.200000,0.000000,0.000000,0.000000
53-3052.00,"Bus Drivers, Transit and Intercity",0.820115,4.137348,0.000000,0.200000,0.250000,0.000000,0.000000,0.000000,1.350000,1.050000,2.500000
29-1123.00,Physical Therapists,0.819409,4.153591,0.000000,1.000000,0.900000,0.000000,0.950000,0.100000,0.650000,1.950000,1.900000
29-1141.00,Registered Nurses,0.816017,4.231620,0.000000,1.000000,1.000000,0.000000,0.950000,0.000000,0.750000,1.900000,1.900000
29-1221.00,"Pediatricians, General",0.815778,4.237107,0.150000,1.150000,1.150000,0.000000,1.050000,0.700000,0.400000,1.750000,1.400000
47-2221.00,Structural Iron and Steel Workers,0.808779,4.398093,0.000000,0.000000,0.000000,0.000000,0.000000,0.000000,0.850000,2.200000,1.950000
21-1014.00,Mental Health Counselors,0.807451,4.428628,0.500000,1.750000,1.700000,0.000000,1.350000,0.350000,0.000000,0.000000,0.000000
29-1151.00,Nurse Anesthetists,0.807353,4.430883,0.000000,1.000000,1.000000,0.000000,0.900000,0.050000,0.650000,1.750000,1.750000
29-1131.00,Veterinarians,0.805973,4.462627,0.000000,0.950000,1.000000,0.000000,1.000000,0.400000,1.000000,2.200000,1.750000
29-1161.00,Nurse Midwives,0.804528,4.495862,0.000000,1.200000,1.200000,0.000000,1.000000,0.250000,0.650000,1.850000,1.900000
33-3021.00,Detectives and Criminal Investigators,0.803190,4.526641,0.250000,1.250000,1.550000,0.000000,1.150000,0.200000,0.900000,0.500000,1.300000
29-1021.00,"Dentists, General",0.801000,4.576989,0.000000,0.500000,0.300000,0.000000,0.250000,0.000000,1.000000,2.500000,1.850000
29-9093.00,Surgical Assistants,0.798273,4.639732,0.000000,0.400000,0.150000,0.000000,0.150000,0.000000,1.000000,2.750000,2.450000
23-1011.00,Lawyers,0.787785,4.880941,0.600000,1.350000,1.600000,0.000000,1.600000,0.700000,0.000000,0.000000,0.000000
33-1021.00,First-Line Supervisors of Firefighting and Prevention Workers,0.785982,4.922418,0.000000,1.050000,1.200000,0.000000,1.250000,0.000000,0.800000,1.350000,2.100000
29-1215.00,Family Medicine Physicians,0.785864,4.925131,0.150000,1.150000,1.250000,0.000000,1.200000,0.800000,0.650000,2.100000,1.950000
53-2012.00,Commercial Pilots,0.776011,5.151743,0.000000,0.300000,0.700000,0.000000,0.850000,0.000000,1.350000,1.000000,2.250000
27-2021.00,Athletes and Sports Competitors,0.768998,5.313056,0.000000,1.000000,0.750000,0.000000,0.700000,0.000000,1.650000,2.600000,2.550000
23-1023.00,"Judges, Magistrate Judges, and Magistrates",0.767516,5.347138,0.750000,1.300000,2.000000,0.000000,1.700000,1.000000,0.000000,0.000000,0.000000
29-1211.00,Anesthesiologists,0.766688,5.366172,0.000000,1.000000,1.150000,0.000000,1.050000,0.650000,0.500000,1.850000,1.750000
53-2011.00,"Airline Pilots, Copilots, and Flight Engineers",0.761169,5.493124,0.000000,0.550000,0.850000,0.000000,0.950000,0.000000,1.200000,0.450000,2.150000
29-1223.00,Psychiatrists,0.759873,5.522928,0.700000,1.750000,1.750000,0.000000,1.700000,0.750000,0.000000,0.000000,0.000000
49-9092.00,Commercial Divers,0.755566,5.621985,0.000000,0.000000,0.650000,0.000000,0.600000,0.000000,0.950000,2.500000,2.550000
29-1229.03,Urologists,0.749584,5.759568,0.000000,1.000000,1.050000,0.000000,1.100000,0.400000,0.800000,2.700000,1.900000
33-3051.00,Police and Sheriff's Patrol Officers,0.743753,5.893683,0.150000,1.250000,1.300000,0.000000,1.000000,0.000000,1.250000,1.150000,2.750000
29-1022.00,Oral and Maxillofacial Surgeons,0.738200,6.021393,0.000000,0.750000,1.050000,0.000000,1.050000,0.250000,1.250000,2.600000,2.050000
29-1218.00,Obstetricians and Gynecologists,0.730861,6.190195,0.100000,1.100000,1.150000,0.000000,1.150000,0.550000,1.050000,2.700000,2.050000
29-1241.00,"Ophthalmologists, Except Pediatric",0.717448,6.498695,0.000000,1.000000,0.950000,0.000000,0.950000,0.750000,1.550000,2.600000,1.650000
11-1011.00,Chief Executives,0.712842,6.604643,0.700000,1.750000,1.950000,0.000000,1.950000,1.000000,0.000000,0.000000,0.000000
33-2011.00,Firefighters,0.672499,7.532529,0.000000,0.800000,1.450000,0.000000,1.050000,0.000000,1.700000,2.750000,2.750000
