Occupation Code (O*NET-SOC Code),Occupation Title,"AI Capability Gap Index (Reversed, norm.)",AI Capability Gap Index (Total),Language — Capability Gap,Social Interaction — Capability Gap,Problem Solving — Capability Gap,Creativity — Capability Gap,Metacognition & Critical Thinking — Capability Gap,"Knowledge, Learning & Memory — Capability Gap",Vision — Capability Gap,Manipulation — Capability Gap,Robotic Intelligence — Capability Gap,Language —   Job Demands,Social Interaction — Job Demands,Problem Solving — Job Demands,Creativity —    Job Demands,Metacognition & Critical Thinking — Job Demands,"Knowledge, Learning & Memory —      Job Demands",Vision —          Job Demands,Manipulation — Job Demands,Robotic Intelligence — Job Demands
43-3021.00,Billing and Posting Clerks,1,0,0,0,0,0,0,0,0,0,0,2.25,2,1.5,0.550000012,1.649999976,1.350000024,0.899999976,0.949999988,0.649999976
43-3031.00,"Bookkeeping, Accounting, and Auditing Clerks",1,0,0,0,0,0,0,0,0,0,0,2.200000048,1.75,1.75,0.75,1.75,1.5,0.25,0.25,0
43-4071.00,File Clerks,1,0,0,0,0,0,0,0,0,0,0,2.049999952,1.75,1.549999952,1.299999952,1.700000048,1.549999952,1.600000024,1.850000024,1.5
43-5111.00,"Weighers, Measurers, Checkers, and Samplers, Recordkeeping",1,0,0,0,0,0,0,0,0,0,0,2.099999905,2,1.649999976,0.649999976,1.75,1.350000024,2.099999905,2,2
43-9021.00,Data Entry Keyers,1,0,0,0,0,0,0,0,0,0,0,2,0.949999988,1.399999976,0.25,1.5,1.25,1.700000048,1.25,0.75
43-9022.00,Word Processors and Typists,1,0,0,0,0,0,0,0,0,0,0,2.150000095,1.5,1.299999952,0.850000024,1.399999976,1.5,1.100000024,0.899999976,0.600000024
43-3051.00,Payroll and Timekeeping Clerks,0.998601983,0.032154392,0,0,0,0,0.099999905,0,0,0,0,2.5,2,1.600000024,0.5,2.099999905,1.75,0.25,0.150000006,0
43-5071.00,"Shipping, Receiving, and Inventory Clerks",0.99749623,0.057586716,0,0,0,0,0,0,0,0.049999952,0.049999952,2.400000095,2,1.899999976,0.949999988,2,1.799999952,2.049999952,2.049999952,2.049999952
43-9111.00,Statistical Assistants,0.996309903,0.084872224,0,0,0,0,0.200000048,0,0,0,0,2.650000095,2,1.949999928,1.25,2.200000048,1.799999952,0.850000024,0.400000006,0
31-9094.00,Medical Transcriptionists,0.996215666,0.087039692,0,0,0.049999952,0,0.299999952,0,0,0,0,3,2,2.049999952,1,2.299999952,2.950000048,0,0.25,0
43-3041.00,Gambling Cage Workers,0.994427189,0.128174663,0,0.25,0,0,0,0,0,0,0,2.150000095,2.25,1.75,0.25,1.950000048,1.25,1.5,1.75,0.75
43-2011.00,"Switchboard Operators, Including Answering Service",0.994335941,0.130273351,0,0.299999952,0,0,0,0,0,0,0,2.799999952,2.299999952,1.75,0.800000012,1.899999976,1.899999976,0.649999976,0.850000024,0.649999976
43-9081.00,Proofreaders and Copy Markers,0.99377401,0.143197781,0.150000095,0,0,0,0.150000095,0,0,0,0,3.150000095,1.450000048,1.899999976,0.699999988,2.150000095,2.549999952,2.150000095,0.349999994,0
43-9071.00,"Office Machine Operators, Except Computer",0.991985275,0.184338683,0,0,0,0,0,0,0,0.299999952,0,1.700000048,1.399999976,1.5,0.25,1.5,1.450000048,2.25,2.299999952,1.75
43-9061.00,"Office Clerks, General",0.991921657,0.185801884,0,0.400000095,0,0,0,0,0,0,0,3,2.400000095,1.950000048,1,2,2.25,1.200000048,1.549999952,1.100000024
43-6013.00,Medical Secretaries and Administrative Assistants,0.991262862,0.200954166,0,0.349999905,0.150000095,0,0.099999905,0,0,0,0,3,2.349999905,2.150000095,1.149999976,2.099999905,2.5,0.25,0.25,0
43-9041.00,Insurance Claims and Policy Processing Clerks,0.991053602,0.205767148,0,0.25,0.049999952,0,0.150000095,0,0,0,0,2.950000048,2.25,2.049999952,1,2.150000095,2.450000048,0.400000006,0.050000001,0.050000001
43-4151.00,Order Clerks,0.989661837,0.237777749,0,0.400000095,0.049999952,0,0,0,0,0,0,3,2.400000095,2.049999952,1,2,2,0.349999994,0.150000006,0
51-6064.00,"Textile Winding, Twisting, and Drawing Out Machine Setters, Operators, and Tenders",0.989325007,0.24552485,0,0,0,0,0,0,0,0.299999952,0,1.75,1.25,1.75,0.25,1.450000048,1.700000048,2.25,2.299999952,2
43-4011.00,Brokerage Clerks,0.989289946,0.246331233,0,0.25,0.200000048,0,0.099999905,0,0,0,0,3,2.25,2.200000048,0.899999976,2.099999905,1.850000024,0.25,0.25,0.050000001
43-4121.00,"Library Assistants, Clerical",0.989260013,0.247019693,0,0.549999952,0,0,0,0,0,0.150000095,0,2.5,2.549999952,1.600000024,1.049999952,1.850000024,1.600000024,1.700000048,2.150000095,1.850000024
43-4041.00,"Credit Authorizers, Checkers, and Clerks",0.988076689,0.274236156,0,0.25,0.049999952,0,0.349999905,0,0,0,0,3,2.25,2.049999952,0.949999988,2.349999905,2.5,0.25,0,0
43-5051.00,Postal Service Clerks,0.987152403,0.295494725,0,0.5,0,0,0,0,0,0.150000095,0,2.549999952,2.5,1.950000048,0.349999994,1.799999952,2.099999905,2.150000095,2.150000095,1.899999976
53-7063.00,Machine Feeders and Offbearers,0.986651861,0.307007195,0,0,0,0,0,0,0,0.400000095,0,1.25,0.949999988,1.299999952,0.25,1.049999952,1.5,2.25,2.400000095,2
31-9095.00,Pharmacy Aides,0.986645111,0.307162456,0,0.299999952,0,0,0,0,0,0.200000048,0.299999952,2.700000048,2.299999952,1.649999976,0.550000012,1.649999976,1.950000048,2.049999952,2.200000048,2.299999952
41-2012.00,Gambling Change Persons and Booth Cashiers,0.986615365,0.307846614,0,0.25,0,0,0,0,0,0.25,0.099999905,2,2.25,1.5,0.25,1.5,1.25,2.099999905,2.25,2.099999905
43-3071.00,Tellers,0.986530726,0.309793293,0,0.599999905,0.049999952,0,0,0,0,0,0,3,2.599999905,2.049999952,0.850000024,2,1.549999952,1.850000024,1.649999976,0.699999988
51-3092.00,Food Batchmakers,0.98554564,0.332450274,0,0,0,0,0,0,0,0.400000095,0.150000095,1.950000048,1.200000048,2,1.5,1.950000048,1.850000024,2.25,2.400000095,2.150000095
43-2021.00,Telephone Operators,0.985490044,0.333728993,0,0.799999952,0.299999952,0,0.099999905,0,0,0,0,3,2.799999952,2.299999952,0.949999988,2.099999905,2.099999905,0.550000012,0.5,0.200000003
43-9031.00,Desktop Publishers,0.984100798,0.365681646,0,0.400000095,0.150000095,0,0.200000048,0,0,0,0,2.25,2.400000095,2.150000095,2.25,2.200000048,3,2.799999952,0.200000003,0
51-9162.00,Computer Numerically Controlled Tool Programmers,0.98348049,0.379948735,0,0,0.25,0,0.5,0,0,0,0,2.049999952,0.5,2.25,2,2.5,3,2.25,2,1.200000048
43-4031.00,"Court, Municipal, and License Clerks",0.983299739,0.38410601,0,0.400000095,0.299999952,0,0.25,0,0,0,0,3,2.400000095,2.299999952,1.049999952,2.25,2.349999905,1.149999976,0.949999988,0.899999976
43-6014.00,"Secretaries and Administrative Assistants, Except Legal, Medical, and Executive",0.983263351,0.384942927,0,0.799999952,0.099999905,0,0.099999905,0,0,0,0,3,2.799999952,2.099999905,1.25,2.099999905,2.099999905,0.449999988,0.75,0.400000006
51-9023.00,"Mixing and Blending Machine Setters, Operators, and Tenders",0.982758182,0.39656181,0,0,0,0,0,0,0,0.450000048,0.099999905,1.75,0.600000024,1.75,0.25,1.649999976,1.649999976,2.25,2.450000048,2.099999905
51-9192.00,"Cleaning, Washing, and Metal Pickling Equipment Operators and Tenders",0.982468184,0.403231759,0,0,0,0,0,0,0,0.599999905,0,1.049999952,0.550000012,1.75,0.300000012,1.5,1.649999976,2.25,2.599999905,2
45-2041.00,"Graders and Sorters, Agricultural Products",0.980613801,0.445882579,0,0,0,0,0,0,0.5,0.700000048,0,1,0.25,1.350000024,0.25,1.25,1.299999952,3.5,2.700000048,2
41-2021.00,Counter and Rental Clerks,0.980210541,0.455157562,0,0.700000048,0,0,0,0,0,0.200000048,0,3,2.700000048,1.899999976,1,2,2,2.200000048,2.200000048,1.649999976
53-7064.00,"Packers and Packagers, Hand",0.979615589,0.468841455,0,0,0,0,0,0,0,0.700000048,0.099999905,1.25,1.200000048,1.049999952,0.25,1,1.049999952,2.150000095,2.700000048,2.099999905
41-2011.00,Cashiers,0.978811113,0.487344396,0,0.599999905,0,0,0,0,0,0.400000095,0.150000095,2.450000048,2.599999905,1.799999952,0.649999976,1.700000048,1.549999952,1.75,2.400000095,2.150000095
43-9051.00,"Mail Clerks and Mail Machine Operators, Except Postal Service",0.978567022,0.492958501,0,0,0,0,0,0,0,0.75,0,1.799999952,1.649999976,1.649999976,0.25,1.299999952,1.350000024,2.200000048,2.75,2
51-5111.00,Prepress Technicians and Workers,0.978124755,0.50313063,0,0,0,0,0,0,0.450000048,0.799999952,0,1.799999952,0.600000024,1.850000024,1.25,1.850000024,1.850000024,3.450000048,2.799999952,2
43-6012.00,Legal Secretaries and Administrative Assistants,0.977689941,0.513131365,0.049999952,0.5,0.400000095,0,0.700000048,0,0,0,0,3.049999952,2.5,2.400000095,1.25,2.700000048,3,0.349999994,0.400000006,0
51-3093.00,Food Cooking Machine Operators and Tenders,0.977225168,0.523821133,0,0,0,0,0,0,0,0.700000048,0.099999905,1.899999976,1,1.899999976,0.25,1.75,1.75,2.299999952,2.700000048,2.099999905
51-9111.00,Packaging and Filling Machine Operators and Tenders,0.977101745,0.526659876,0,0,0,0,0,0,0,0.75,0,1.350000024,1.100000024,1.799999952,0.25,1.450000048,1.5,2.25,2.75,2
43-3061.00,Procurement Clerks,0.976795775,0.533697182,0,0.299999952,0.25,0,0.450000048,0,0,0,0,2.950000048,2.299999952,2.25,1.149999976,2.450000048,2.450000048,0.25,0.100000001,0
43-4141.00,New Accounts Clerks,0.975547067,0.562417466,0,0.849999905,0.299999952,0,0,0,0,0,0,2.950000048,2.849999905,2.299999952,0.850000024,2,2.25,0.449999988,0.449999988,0.200000003
51-9191.00,Adhesive Bonding Machine Operators and Tenders,0.974231666,0.592671691,0,0,0,0,0,0,0,0.700000048,0,2,1.5,1.850000024,0.300000012,1.75,1.75,2.349999905,2.700000048,2
43-4131.00,Loan Interviewers and Clerks,0.974093201,0.595856387,0,0.450000048,0.25,0,0.349999905,0,0,0,0,3,2.450000048,2.25,1.049999952,2.349999905,2.400000095,0.349999994,0.25,0.050000001
43-5041.00,"Meter Readers, Utilities",0.973286364,0.614413632,0,0,0,0,0,0,0,0.200000048,0.799999952,2,2,1.75,0.5,1.649999976,1.75,2.900000095,2.200000048,2.799999952
17-3013.00,Mechanical Drafters,0.973208225,0.61621083,0,0.549999952,0.400000095,0,0.650000095,0,0,0,0,3,2.549999952,2.400000095,2,2.650000095,3,2.700000048,1.049999952,0.400000006
41-9041.00,Telemarketers,0.972722562,0.627381071,0,0.799999952,0.5,0,0,0,0,0,0,3,2.799999952,2.5,1.850000024,2,2.200000048,0,0,0
39-3021.00,Motion Picture Projectionists,0.971477317,0.656021714,0,0,0,0,0,0,0,1,0,1.5,1.100000024,2,0.600000024,1.899999976,1.799999952,2.549999952,3,2
19-4013.00,Food Science Technicians,0.9709402,0.668375392,0,0.25,0.049999952,0,0.150000095,0,0,0.75,0.25,2.400000095,2.25,2.049999952,1.149999976,2.150000095,2.5,2.900000095,2.75,2.25
17-1021.00,Cartographers and Photogrammetrists,0.970850626,0.670435613,0,0,0.400000095,0,1,0,0.900000095,0,0,2.799999952,1.350000024,2.400000095,2.049999952,3,3,3.900000095,0.550000012,1.400000095
51-3091.00,"Food and Tobacco Roasting, Baking, and Drying Machine Operators and Tenders",0.970827389,0.670970054,0,0,0,0,0,0,0,0.950000048,0.049999952,1.299999952,1.100000024,1.899999976,0.25,1.600000024,1.600000024,2.25,2.950000048,2.049999952
51-9193.00,Cooling and Freezing Equipment Operators and Tenders,0.969291921,0.706285826,0,0,0,0,0,0,0,0.950000048,0.049999952,1.299999952,1.100000024,1.799999952,0.349999994,1.75,1.75,2.200000048,2.950000048,2.049999952
51-9198.00,Helpers--Production Workers,0.969282664,0.706498736,0,0,0,0,0,0,0,0.950000048,0.049999952,1.350000024,1.399999976,1.25,0.25,1,1.5,2.25,2.950000048,2.049999952
51-9151.00,Photographic Process Workers and Processing Machine Operators,0.969279323,0.706575572,0,0,0,0,0,0,0,1,0,1.549999952,0.5,1.75,1.850000024,1.75,1.75,2.900000095,3,1.950000048
39-3093.00,"Locker Room, Coatroom, and Dressing Room Attendants",0.96893213,0.714561012,0,0.75,0.150000095,0,0,0,0,0.75,0.700000048,2.150000095,2.75,2.150000095,0.550000012,1.75,1.799999952,2.700000048,2.75,2.700000048
43-4021.00,Correspondence Clerks,0.968826039,0.717001102,0.150000095,0.25,0.5,0,0.75,0,0,0,0,3.150000095,2.25,2.5,1.5,2.75,2.75,0.200000003,0.25,0
27-3092.00,Court Reporters and Simultaneous Captioners,0.968015695,0.735639011,0.849999905,0.900000095,0,0,0.5,0,0,0,0,3.849999905,2.900000095,2,0.5,2.5,2.599999905,0.75,0.699999988,0.100000001
51-4193.00,"Plating Machine Setters, Operators, and Tenders, Metal and Plastic",0.967157976,0.755366542,0,0,0,0,0,0,0,1,0.049999952,1.299999952,0.75,1.75,0.5,1.700000048,1.75,2.25,3,2.049999952
51-6042.00,Shoe Machine Operators and Tenders,0.966124708,0.779131711,0,0,0,0,0,0,0,1,0,0.800000012,0.449999988,1.25,0.25,1.25,1.5,2.25,3,1.899999976
53-7011.00,Conveyor Operators and Tenders,0.966096013,0.779791708,0,0,0,0,0,0,0,1.049999952,0.049999952,1.450000048,1.149999976,1.950000048,0.300000012,1.5,1.600000024,2.299999952,3.049999952,2.049999952
39-3012.00,Gambling and Sports Book Writers and Runners,0.965836063,0.785770557,0,1.099999905,0.25,0,0,0,0,0.349999905,0.299999952,2.25,3.099999905,2.25,0.25,2,1.600000024,2.299999952,2.349999905,2.299999952
43-5011.00,Cargo and Freight Agents,0.965713073,0.788599327,0,0.650000095,0.400000095,0,0.049999952,0,0,0.5,0.450000048,3,2.650000095,2.400000095,1.049999952,2.049999952,2.450000048,2.200000048,2.5,2.450000048
29-2052.00,Pharmacy Technicians,0.965577076,0.791727242,0,0,0,0,0,0,0,1.150000095,0.25,2.049999952,2,1.75,0.5,1.75,1.700000048,2.450000048,3.150000095,2.25
17-3011.00,Architectural and Civil Drafters,0.965342539,0.797121608,0,0.5,0.450000048,0,0.75,0,0,0,0,2.950000048,2.5,2.450000048,2,2.75,3,3,0.25,0.550000012
51-9061.00,"Inspectors, Testers, Sorters, Samplers, and Weighers",0.964891032,0.807506255,0,0,0.150000095,0,0.049999952,0,0.799999952,0.75,0.150000095,2.5,1.75,2.150000095,1,2.049999952,2.349999905,3.799999952,2.75,2.150000095
43-5061.00,"Production, Planning, and Expediting Clerks",0.964702221,0.811848916,0,0.75,0.5,0,0.5,0,0,0,0,3,2.75,2.5,1.5,2.5,2.450000048,0.949999988,0,0
51-9021.00,"Crushing, Grinding, and Polishing Machine Setters, Operators, and Tenders",0.964159784,0.824324965,0,0,0,0,0,0,0,1,0,1.299999952,1,1.899999976,0.25,1.549999952,1.75,2.450000048,3,2
53-7065.00,Stockers and Order Fillers,0.963922716,0.829777539,0,0,0,0,0,0,0,0.900000095,0.5,1.75,1.75,1.899999976,1.75,1.799999952,1.549999952,2.700000048,2.900000095,2.5
51-6091.00,"Extruding and Forming Machine Setters, Operators, and Tenders, Synthetic and Glass Fibers",0.962875482,0.853863916,0,0,0,0,0,0,0,1.099999905,0,1.299999952,0.5,1.799999952,0.25,1.649999976,1.700000048,2.599999905,3.099999905,2
51-9012.00,"Separating, Filtering, Clarifying, Precipitating, and Still Machine Setters, Operators, and Tenders",0.962851235,0.854421602,0,0,0,0,0,0,0,1,0.200000048,2,1.5,2,0.649999976,1.799999952,1.75,2.5,3,2.200000048
43-5053.00,"Postal Service Mail Sorters, Processors, and Processing Machine Operators",0.962582351,0.860605932,0,0.400000095,0,0,0,0,0,0.950000048,0.200000048,2.25,2.400000095,1.950000048,0.450000018,1.75,1.75,2.400000095,2.950000048,2.200000048
13-2053.00,Insurance Underwriters,0.962505611,0.862370957,0,0.099999905,0.599999905,0,1,0,0,0,0,3,2.099999905,2.599999905,1.299999952,3,3,0.25,0,0
19-4012.01,Precision Agriculture Technicians,0.961974888,0.874577574,0,0.049999952,0.549999952,0,1,0,0.049999952,0,0,3,2.049999952,2.549999952,2,3,3,3.049999952,0.200000003,0.800000012
35-2011.00,"Cooks, Fast Food",0.961894011,0.876437743,0,0,0,0,0,0,0,1.150000095,0.75,2.049999952,2,2,0.75,1.5,1.75,2.700000048,3.150000095,2.75
51-4021.00,"Extruding and Drawing Machine Setters, Operators, and Tenders, Metal and Plastic",0.960880462,0.899749379,0,0,0,0,0,0,0,1,0.150000095,1.350000024,0.649999976,1.950000048,0.75,1.799999952,1.75,2.450000048,3,2.150000095
17-3012.00,Electrical and Electronics Drafters,0.960695392,0.904005987,0,0.75,0.450000048,0,0.75,0,0,0,0,3,2.75,2.450000048,1.899999976,2.75,3,2.75,0.400000006,0.349999994
41-9012.00,Models,0.960169295,0.916106211,0,2,0.299999952,0,0.25,0,0.450000048,0.950000048,0.950000048,3,4,2.299999952,2.5,2.25,2.650000095,3.450000048,2.950000048,2.950000048
43-4171.00,Receptionists and Information Clerks,0.959941827,0.921337984,0.099999905,1.200000048,0.900000095,0,0.349999905,0,0,0,0,3.099999905,3.200000048,2.900000095,1,2.349999905,2.299999952,0.800000012,0.800000012,0.850000024
51-9141.00,Semiconductor Processing Technicians,0.959701032,0.926876255,0,0,0.049999952,0,0,0,0,1,0.25,1.850000024,0.800000012,2.049999952,0.75,1.850000024,1.799999952,2.5,3,2.25
19-4099.03,Remote Sensing Technicians,0.959684382,0.927259225,0,0.549999952,0.349999905,0,0.700000048,0,0.400000095,0,0.099999905,3,2.549999952,2.349999905,1.75,2.700000048,3,3.400000095,1.799999952,2.099999905
23-2093.00,"Title Examiners, Abstractors, and Searchers",0.959513656,0.93118591,0.099999905,0.599999905,0.450000048,0,1.099999905,0,0,0,0,3.099999905,2.599999905,2.450000048,1.25,3.099999905,2.900000095,0.75,0.050000001,0
35-3023.00,Fast Food and Counter Workers,0.959218087,0.937983999,0,0.349999905,0,0,0,0,0,1.099999905,0.75,2.299999952,2.349999905,1.799999952,1,1.649999976,1.899999976,2.900000095,3.099999905,2.75
51-6061.00,Textile Bleaching and Dyeing Machine Operators and Tenders,0.958805291,0.94747831,0,0,0,0,0,0,0,1.150000095,0.049999952,2,2,1.799999952,0.349999994,1.75,1.75,2.5,3.150000095,2.049999952
51-4122.00,"Welding, Soldering, and Brazing Machine Setters, Operators, and Tenders",0.958563202,0.953046359,0,0,0,0,0,0,0,1,0.299999952,2,1.75,1.950000048,1,2,1.799999952,2.5,3,2.299999952
51-4032.00,"Drilling and Boring Machine Tool Setters, Operators, and Tenders, Metal and Plastic",0.957530662,0.976794763,0,0,0,0,0,0,0,1,0.299999952,1.5,1.25,1.850000024,0.850000024,1.75,1.799999952,2.5,3,2.299999952
51-4033.00,"Grinding, Lapping, Polishing, and Buffing Machine Tool Setters, Operators, and Tenders, Metal and Plastic",0.957444276,0.978781641,0,0,0,0,0,0,0,1.049999952,0.099999905,1.75,1,2,0.800000012,1.899999976,1.799999952,2.5,3.049999952,2.099999905
51-9196.00,"Paper Goods Machine Setters, Operators, and Tenders",0.95709422,0.986832947,0,0,0,0,0,0,0,1.200000048,0.200000048,1,0.5,1.950000048,0.25,1.799999952,1.75,2.5,3.200000048,2.200000048
43-4161.00,"Human Resources Assistants, Except Payroll and Timekeeping",0.95708345,0.987080655,0,0.950000048,0.650000095,0,0.549999952,0,0,0,0,3,2.950000048,2.650000095,1.149999976,2.549999952,2.5,0.25,0,0
43-4111.00,"Interviewers, Except Eligibility and Loan",0.956847294,0.992512245,0,1,1,0,0.049999952,0,0,0,0,3,3,3,0.949999988,2.049999952,2.099999905,0.25,0.100000001,0.100000001
43-5052.00,Postal Service Mail Carriers,0.95681866,0.993170816,0,0.049999952,0.049999952,0,0,0,0.099999905,0.5,1.200000048,2,2.049999952,2.049999952,0.25,2,1.950000048,3.099999905,2.5,3.200000048
51-9032.00,"Cutting and Slicing Machine Setters, Operators, and Tenders",0.955441266,1.024850893,0,0,0,0,0,0,0,1.099999905,0.049999952,1.25,0.550000012,1.75,0.349999994,1.5,1.75,2.5,3.099999905,2.049999952
51-4034.00,"Lathe and Turning Machine Tool Setters, Operators, and Tenders, Metal and Plastic",0.95536985,1.026493457,0,0,0,0,0,0,0,1.049999952,0.25,1.799999952,0.5,1.850000024,0.75,1.850000024,1.950000048,2.5,3.049999952,2.25
51-4035.00,"Milling and Planing Machine Setters, Operators, and Tenders, Metal and Plastic",0.95534517,1.027061096,0,0,0,0,0,0,0,1.049999952,0.25,1.75,0.5,1.850000024,1.100000024,1.899999976,1.75,2.599999905,3.049999952,2.25
15-1243.01,Data Warehousing Specialists,0.954693628,1.042046562,0,0,0.75,0,1,0,0,0,0,3,2,2.75,2,3,3,0,0,0
13-1081.02,Logistics Analysts,0.953548403,1.068386729,0,0,0.599999905,0,1,0,0,0,0,3,2,2.599999905,2,3,3,0.200000003,0,0
19-4021.00,Biological Technicians,0.953474729,1.070081243,0,0.200000048,0.200000048,0,0.299999952,0,0,1.049999952,0.200000048,2.849999905,2.200000048,2.200000048,1.200000048,2.299999952,2.849999905,2.849999905,3.049999952,2.200000048
13-2041.00,Credit Analysts,0.953431831,1.071067886,0,0.5,0.549999952,0,1,0,0,0,0,3,2.5,2.549999952,1.450000048,3,3,0,0,0
51-9194.00,Etchers and Engravers,0.953173597,1.077007258,0,0,0,0,0,0,0.099999905,1.25,0.049999952,1,0.25,1.850000024,1.25,1.75,1.75,3.099999905,3.25,2.049999952
43-4081.00,"Hotel, Motel, and Resort Desk Clerks",0.953012483,1.080712898,0,1,1,0,0.200000048,0,0,0,0,3,3,3,1.299999952,2.200000048,2.25,1.100000024,1.549999952,1
43-4181.00,Reservation and Transportation Ticket Agents and Travel Clerks,0.952405644,1.09467018,0,1,0.700000048,0,0.25,0,0,0,0,3,3,2.700000048,1.350000024,2.25,2.25,1.350000024,1.600000024,1.600000024
39-3091.00,Amusement and Recreation Attendants,0.95230889,1.096895529,0,0.950000048,0,0,0,0,0,0.900000095,0.75,2.700000048,2.950000048,1.950000048,1.100000024,1.950000048,1.899999976,2.75,2.900000095,2.75
51-9041.00,"Extruding, Forming, Pressing, and Compacting Machine Setters, Operators, and Tenders",0.952147189,1.100614653,0,0,0,0,0,0,0,1.049999952,0.299999952,2,1.25,1.950000048,0.450000018,1.799999952,1.75,2.5,3.049999952,2.299999952
51-2021.00,"Coil Winders, Tapers, and Finishers",0.951776356,1.10914381,0,0,0,0,0,0,0,1.25,0.150000095,1.5,0.25,1.799999952,0.300000012,1.5,1.75,2.549999952,3.25,2.150000095
25-4031.00,Library Technicians,0.951733239,1.110135496,0,1.349999905,1.049999952,0,0.5,0,0,0.450000048,0.349999905,3,3.349999905,3.049999952,2,2.5,2.900000095,1.850000024,2.450000048,2.349999905
51-4191.00,"Heat Treating Equipment Setters, Operators, and Tenders, Metal and Plastic",0.951594167,1.113334169,0,0.099999905,0,0,0,0,0,1,0.299999952,2.049999952,2.099999905,2,0.699999988,1.850000024,1.850000024,2.549999952,3,2.299999952
51-9197.00,Tire Builders,0.95092969,1.12861714,0,0,0,0,0,0,0,1.200000048,0.099999905,0.699999988,0.550000012,1.399999976,0.25,1.299999952,1.549999952,2.349999905,3.200000048,2.099999905
51-9051.00,"Furnace, Kiln, Oven, Drier, and Kettle Operators and Tenders",0.95031355,1.142788339,0,0.200000048,0,0,0,0,0,1.150000095,0.450000048,2,2.200000048,2,0.800000012,1.950000048,1.850000024,2.5,3.150000095,2.450000048
39-3031.00,"Ushers, Lobby Attendants, and Ticket Takers",0.949830749,1.153892772,0,1.299999952,0.950000048,0,0.049999952,0,0,0,0.650000095,2.75,3.299999952,2.950000048,1,2.049999952,2,2.700000048,1.950000048,2.650000095
43-5032.00,"Dispatchers, Except Police, Fire, and Ambulance",0.949572562,1.159831069,0,0.549999952,1.049999952,0,0.75,0,0,0,0,3,2.549999952,3.049999952,1.600000024,2.75,2.5,0,0,0.400000006
17-1022.01,Geodetic Surveyors,0.949522018,1.160993585,0,0.5,0.549999952,0,1.049999952,0.049999952,0,0,0,3,2.5,2.549999952,1.5,3.049999952,3.049999952,2.450000048,1.5,1.450000048
13-1074.00,Farm Labor Contractors,0.948585783,1.182526984,0,1.25,1.25,0,0.950000048,0,0,0,0,3,3.25,3.25,1.100000024,2.950000048,3,1.399999976,0.850000024,1.25
19-4043.00,"Geological Technicians, Except Hydrologic Technicians",0.948571635,1.182852389,0,0.450000048,0.25,0,0.650000095,0.099999905,0,0.450000048,0.799999952,3,2.450000048,2.25,1.350000024,2.650000095,3.099999905,3,2.450000048,2.799999952
51-9031.00,"Cutters and Trimmers, Hand",0.948019417,1.195553416,0,0,0,0,0,0,0.25,1.450000048,0.200000048,1.25,0.449999988,1.700000048,0.349999994,1.5,1.5,3.25,3.450000048,2.200000048
35-2021.00,Food Preparation Workers,0.947938419,1.197416366,0,0.099999905,0,0,0,0,0.25,1.5,0.75,1.700000048,2.099999905,1.600000024,0.75,1.5,1.899999976,3.25,3.5,2.75
35-9021.00,Dishwashers,0.947853787,1.199362904,0,0,0,0,0,0,0,1,0.75,1,1.200000048,0.899999976,0.25,1,1.450000048,2.75,3,2.75
51-7041.00,"Sawing Machine Setters, Operators, and Tenders, Wood",0.947633366,1.204432586,0,0,0,0,0,0,0.200000048,1.200000048,0.25,1.350000024,0.699999988,2,0.899999976,2,1.799999952,3.200000048,3.200000048,2.25
35-3041.00,"Food Servers, Nonrestaurant",0.946937906,1.220428169,0,0.700000048,0,0,0,0,0,1.200000048,0.75,2.400000095,2.700000048,1.799999952,0.649999976,1.600000024,2,2.900000095,3.200000048,2.75
13-2082.00,Tax Preparers,0.946712439,1.225613893,0.200000048,0.650000095,0.900000095,0,1.049999952,0.049999952,0,0,0,3.200000048,2.650000095,2.900000095,1.5,3.049999952,3.049999952,0.25,0,0
53-6041.00,Traffic Technicians,0.94664038,1.227271261,0,0.700000048,0.5,0,0.549999952,0,0,0.25,0.5,2.849999905,2.700000048,2.5,2,2.549999952,3,2.799999952,2.25,2.5
39-5093.00,Shampooers,0.946419095,1.232360817,0,0.5,0,0,0,0,0,1.25,0.950000048,2.099999905,2.5,2,0.550000012,1.75,1.899999976,2.700000048,3.25,2.950000048
51-4031.00,"Cutting, Punching, and Press Machine Setters, Operators, and Tenders, Metal and Plastic",0.946402796,1.232735693,0,0,0,0,0,0,0,1.25,0.25,1.25,0.75,1.799999952,0.550000012,1.75,1.75,2.700000048,3.25,2.25
17-3031.00,Surveying and Mapping Technicians,0.946147753,1.238601686,0,0,0.25,0,0.450000048,0,0.299999952,0.75,0.950000048,2.099999905,1.649999976,2.25,1.299999952,2.450000048,2.700000048,3.299999952,2.75,2.950000048
51-8093.00,"Petroleum Pump System Operators, Refinery Operators, and Gaugers",0.946125154,1.239121452,0,0.049999952,0.25,0,0.349999905,0,0,0.650000095,0.799999952,2.200000048,2.049999952,2.25,1,2.349999905,2.549999952,2.549999952,2.650000095,2.799999952
45-4023.00,Log Graders and Scalers,0.94571666,1.248516815,0,0,0,0,0,0,0.5,0.849999905,0.950000048,1.75,1.75,2,0.300000012,1.899999976,1.799999952,3.5,2.849999905,2.950000048
51-4072.00,"Molding, Coremaking, and Casting Machine Setters, Operators, and Tenders, Metal and Plastic",0.945649652,1.250057999,0,0,0,0,0,0,0,1.200000048,0.299999952,1.049999952,0.75,1.75,0.75,1.75,1.75,2.5,3.200000048,2.299999952
41-2031.00,Retail Salespersons,0.945543303,1.252504031,0,1,0.75,0,0,0,0,0.400000095,0.299999952,3,3,2.75,1.350000024,2,2.75,2.349999905,2.400000095,2.299999952
43-3011.00,Bill and Account Collectors,0.944833673,1.268825528,0.200000048,1.049999952,1,0,0.599999905,0,0,0,0,3.200000048,3.049999952,3,1.700000048,2.599999905,2.549999952,0,0,0
13-1032.00,"Insurance Appraisers, Auto Damage",0.943742361,1.29392569,0,1,0.5,0,0.849999905,0,0.5,0,0,3,3,2.5,1.25,2.849999905,3,3.5,0.550000012,0.850000024
15-1231.00,Computer Network Support Specialists,0.943040792,1.31006178,0,0,0.650000095,0,1,0,0,0.650000095,0,3,1.25,2.650000095,1.450000048,3,3,1.700000048,2.650000095,1.600000024
51-3011.00,Bakers,0.942610618,1.319955775,0,0,0,0,0,0,0.200000048,1.400000095,0.799999952,1.850000024,1.600000024,2,2.099999905,2,2.349999905,3.200000048,3.400000095,2.799999952
51-6063.00,"Textile Knitting and Weaving Machine Setters, Operators, and Tenders",0.9424835,1.322879489,0,0,0,0,0,0,0,1.299999952,0.299999952,2,1.700000048,2,0.899999976,2,2.25,2.700000048,3.299999952,2.299999952
29-2011.02,Cytotechnologists,0.942389725,1.325036314,0,0.200000048,0.5,0,0.849999905,0,1,0.650000095,0,2.75,2.200000048,2.5,1.149999976,2.849999905,3,4,2.650000095,1.799999952
15-2099.01,Bioinformatics Technicians,0.941781083,1.339035098,0.049999952,0.450000048,0.75,0,1,0.25,0,0,0,3.049999952,2.450000048,2.75,2,3,3.25,0.050000001,0,0
53-6011.00,Bridge and Lock Tenders,0.941669025,1.34161243,0,0.450000048,0.049999952,0,0,0,0.150000095,0.849999905,0.849999905,2.049999952,2.450000048,2.049999952,0.5,1.950000048,1.850000024,3.150000095,2.849999905,2.849999905
41-2022.00,Parts Salespersons,0.941505269,1.345378809,0,0.849999905,0.900000095,0,0.099999905,0,0,0.549999952,0.150000095,3,2.849999905,2.900000095,1.649999976,2.099999905,2.700000048,2.5,2.549999952,2.150000095
51-6062.00,"Textile Cutting Machine Setters, Operators, and Tenders",0.941333315,1.349333748,0,0,0,0,0,0,0,1.5,0.25,1.75,1.75,2,1,1.950000048,1.950000048,2.799999952,3.5,2.25
51-9123.00,"Painting, Coating, and Decorating Workers",0.941240381,1.351471234,0,0,0,0,0,0,0.5,1.5,0.5,1.450000048,0.25,1.75,1.5,1.549999952,1.75,3.5,3.5,2.5
15-1299.02,Geographic Information Systems Technologists and Technicians,0.941103708,1.354614725,0,0.75,0.799999952,0,1.299999952,0,0,0,0,3,2.75,2.799999952,2.25,3.299999952,3,1.899999976,0,0
51-6011.00,Laundry and Dry-Cleaning Workers,0.940094571,1.377824866,0,0,0,0,0,0,0.400000095,1.450000048,0.700000048,1.25,1.299999952,2,0.949999988,2,1.899999976,3.400000095,3.450000048,2.700000048
51-2022.00,Electrical and Electronic Equipment Assemblers,0.940020603,1.379526142,0,0.200000048,0,0,0,0,0.150000095,1.5,0.25,2.5,2.200000048,2,1,2,2.25,3.150000095,3.5,2.25
37-2011.00,"Janitors and Cleaners, Except Maids and Housekeeping Cleaners",0.939799541,1.384610556,0,0,0.200000048,0,0,0,0.25,1.400000095,0.849999905,1.75,1.700000048,2.200000048,0.899999976,2,2.5,3.25,3.400000095,2.849999905
39-3011.00,Gambling Dealers,0.939189778,1.398635112,0,1,0,0,0,0,0,1.200000048,0.75,2.150000095,3,1.75,0.25,1.700000048,1.700000048,2.849999905,3.200000048,2.75
51-9195.00,"Molders, Shapers, and Casters, Except Metal and Plastic",0.939156882,1.399391712,0,0,0,0,0,0,0,1.400000095,0.400000095,1.399999976,0.649999976,1.950000048,1.25,1.799999952,1.75,2.75,3.400000095,2.400000095
43-4051.00,Customer Service Representatives,0.938969204,1.403708301,0.150000095,1.150000095,1,0,0.5,0,0,0,0,3.150000095,3.150000095,3,1.700000048,2.5,2.5,0.449999988,0.100000001,0
43-5021.00,Couriers and Messengers,0.938734643,1.409103212,0,0.200000048,0,0,0,0,0.150000095,0.549999952,1.299999952,2.099999905,2.200000048,2,0.449999988,2,2.099999905,3.150000095,2.549999952,3.299999952
51-5113.00,Print Binding and Finishing Workers,0.938653953,1.410959085,0,0.049999952,0.049999952,0,0.049999952,0,0.099999905,1.400000095,0.349999905,2.200000048,2.049999952,2.049999952,2,2.049999952,2.400000095,3.099999905,3.400000095,2.349999905
41-3041.00,Travel Agents,0.93862611,1.411599465,0.299999952,0.849999905,1,0,0.349999905,0,0,0,0,3.299999952,2.849999905,3,2,2.349999905,2.450000048,0,0,0
51-7042.00,"Woodworking Machine Setters, Operators, and Tenders, Except Sawing",0.938036216,1.425167042,0,0,0,0,0,0,0,1.349999905,0.5,1.049999952,0.649999976,1.850000024,0.75,1.850000024,1.75,2.599999905,3.349999905,2.5
19-4061.00,Social Science Research Assistants,0.937830208,1.429905214,0.25,1.099999905,0.700000048,0,1.049999952,0,0,0,0,3.25,3.099999905,2.700000048,2,3.049999952,3,0.850000024,1.75,1.200000048
35-9011.00,Dining Room and Cafeteria Attendants and Bartender Helpers,0.937729419,1.432223363,0,0.650000095,0.200000048,0,0,0,0.200000048,1.349999905,0.849999905,1.75,2.650000095,2.200000048,0.949999988,1.5,2.25,3.200000048,3.349999905,2.849999905
53-7072.00,"Pump Operators, Except Wellhead Pumpers",0.937402225,1.439748819,0,0,0,0,0,0,0,1.200000048,0.849999905,2,1.950000048,2,0.850000024,1.850000024,2,2.349999905,3.200000048,2.849999905
33-3041.00,Parking Enforcement Workers,0.93725685,1.443092449,0,0.75,0.549999952,0,0.200000048,0,0.349999905,0.299999952,1,2.5,2.75,2.549999952,0.5,2.200000048,2.299999952,3.349999905,2.299999952,3
15-2051.02,Clinical Data Managers,0.936988038,1.449275117,0.049999952,0.799999952,0.549999952,0,1,0,0,0,0,3.049999952,2.799999952,2.549999952,2,3,3,0.150000006,0,0
13-1199.06,Online Merchants,0.936150671,1.468534559,0.5,0.400000095,1,0,1,0,0,0,0,3.5,2.400000095,3,2.25,3,3,2.299999952,1.149999976,0.650000036
17-3022.00,Civil Engineering Technologists and Technicians,0.935671587,1.479553492,0.049999952,0.75,0.650000095,0,1,0.099999905,0.299999952,0.150000095,0.049999952,3.049999952,2.75,2.650000095,2,3,3.099999905,3.299999952,2.150000095,2.049999952
53-6021.00,Parking Attendants,0.935314852,1.487758399,0,1,0.349999905,0,0,0,0.099999905,0.799999952,0.799999952,2.450000048,3,2.349999905,0.600000024,2,2.349999905,3.099999905,2.799999952,2.799999952
51-9161.00,Computer Numerically Controlled Tool Operators,0.935124684,1.492132275,0,0,0.25,0,0.25,0,0,1.049999952,0.5,2,1.75,2.25,1.299999952,2.25,2.650000095,2.549999952,3.049999952,2.5
15-1242.00,Database Administrators,0.934926385,1.496693146,0.049999952,0.25,0.950000048,0,1.049999952,0.049999952,0,0,0,3.049999952,2.25,2.950000048,2,3.049999952,3.049999952,0,0,0
51-9083.00,Ophthalmic Laboratory Technicians,0.934798712,1.499629633,0,0,0,0,0,0,0,1.700000048,0.099999905,1.299999952,0.300000012,1.799999952,0.899999976,1.700000048,1.75,2.950000048,3.700000048,2.099999905
33-9091.00,Crossing Guards and Flaggers,0.934699788,1.501904878,0,1,0.549999952,0,0.099999905,0,1.050000191,0,1.450000048,2.299999952,3,2.549999952,0.5,2.099999905,2.150000095,4.050000191,1.649999976,3.450000048
53-7061.00,Cleaners of Vehicles and Equipment,0.934471532,1.507154767,0,0,0,0,0,0,0,1.400000095,0.949999809,1.25,1.200000048,1.600000024,0.449999988,1.299999952,1.700000048,2.949999809,3.400000095,2.949999809
31-9093.00,Medical Equipment Preparers,0.933908529,1.520103841,0,0,0,0,0,0,0,1.25,1.049999952,2,2,1.899999976,0.899999976,1.799999952,1.850000024,3,3.25,3.049999952
53-6051.07,"Transportation Vehicle, Equipment and Systems Inspectors, Except Aviation",0.933758136,1.523562875,0,0.5,0.950000048,0,1,0.25,0.5,0.400000095,0.349999905,3,2.5,2.950000048,1.649999976,3,3.25,3.5,2.400000095,2.349999905
47-3014.00,"Helpers--Painters, Paperhangers, Plasterers, and Stucco Masons",0.933634623,1.526403662,0,0,0,0,0,0,0.150000095,1.349999905,0.799999952,1.299999952,1.850000024,1.649999976,0.600000024,1.299999952,2.25,3.150000095,3.349999905,2.799999952
29-2012.00,Medical and Clinical Laboratory Technicians,0.933613154,1.526897468,0,0.25,0.25,0,0.5,0,0.599999905,1.200000048,0.299999952,2.700000048,2.25,2.25,1.049999952,2.5,3,3.599999905,3.200000048,2.299999952
53-6031.00,Automotive and Watercraft Service Attendants,0.933013196,1.540696488,0,0.049999952,0,0,0,0,0.150000095,1.400000095,0.75,2.200000048,2.049999952,1.950000048,0.550000012,1.799999952,1.950000048,3.150000095,3.400000095,2.75
35-3023.01,Baristas,0.932361638,1.555682315,0,0.75,0,0,0,0,0,1.150000095,0.75,2.349999905,2.75,2,1,1.75,2.099999905,2.799999952,3.150000095,2.75
53-7071.00,Gas Compressor and Gas Pumping Station Operators,0.931996918,1.564070896,0,0,0.150000095,0,0,0,0,1.150000095,0.549999952,2,1.700000048,2.150000095,0.450000018,1.950000048,1.75,2.549999952,3.150000095,2.549999952
51-6031.00,Sewing Machine Operators,0.93144077,1.576862292,0,0,0,0,0,0,0.099999905,1.700000048,0.150000095,1,0.25,1.600000024,0.5,1.399999976,1.649999976,3.099999905,3.700000048,2.150000095
53-7031.00,Dredge Operators,0.931235626,1.581580591,0,0.25,0,0,0,0,0,0.75,1.150000095,1.950000048,2.25,2,0.449999988,2,2.400000095,2.75,2.75,3.150000095
51-5112.00,Printing Press Operators,0.931047267,1.585912848,0,0.25,0.25,0,0.25,0,0,1.200000048,0.650000095,2.099999905,2.25,2.25,1.25,2.25,2.549999952,2.799999952,3.200000048,2.650000095
53-7062.00,"Laborers and Freight, Stock, and Material Movers, Hand",0.930880622,1.589745696,0,0,0,0,0,0,0.200000048,1.450000048,0.75,1.950000048,1.450000048,1.649999976,0.649999976,1.299999952,2,3.200000048,3.450000048,2.75
29-2051.00,Dietetic Technicians,0.930781776,1.592019141,0.049999952,1.049999952,0.75,0,0.5,0,0,0.849999905,0,3.049999952,3.049999952,2.75,2,2.5,3,2,2.849999905,1.799999952
15-1299.01,Web Administrators,0.930060897,1.608599369,0,0.5,0.900000095,0,1,0.200000048,0,0,0,3,2.5,2.900000095,1.75,3,3.200000048,0.5,0,0.200000003
51-2023.00,Electromechanical Equipment Assemblers,0.929483172,1.621887053,0,0,0,0,0,0,0.049999952,1.75,0.299999952,1.950000048,0.75,1.899999976,0.800000012,1.75,1.75,3.049999952,3.75,2.299999952
15-1299.03,Document Management Specialists,0.929463851,1.622331421,0.099999905,0.549999952,0.900000095,0,1.150000095,0,0,0,0,3.099999905,2.549999952,2.900000095,1.950000048,3.150000095,3,0,0,0
35-2015.00,"Cooks, Short Order",0.929346832,1.625022872,0,0.349999905,0,0,0,0,0.400000095,1.400000095,1.099999905,2.25,2.349999905,2,1.25,1.899999976,2.400000095,3.400000095,3.400000095,3.099999905
39-4021.00,Funeral Attendants,0.928325346,1.648517038,0.200000048,1.799999952,0.650000095,0,0.599999905,0,0,1,1,3.200000048,3.799999952,2.650000095,1.600000024,2.599999905,2.650000095,2.75,3,3
29-2011.01,Cytogenetic Technologists,0.928263769,1.649933322,0,0.450000048,0.450000048,0,1,0.049999952,0.799999952,0.849999905,0,3,2.450000048,2.450000048,1.5,3,3.049999952,3.799999952,2.849999905,1.850000024
31-9099.01,Speech-Language Pathology Assistants,0.928260806,1.650001461,0.299999952,1.700000048,0.599999905,0,0.450000048,0.049999952,0,0,0,3.299999952,3.700000048,2.599999905,1.899999976,2.450000048,3.049999952,2.150000095,1.700000048,1.299999952
49-3093.00,Tire Repairers and Changers,0.927986529,1.656309824,0,0,0,0,0,0,0,1.549999952,0.700000048,1.049999952,0.700000048,1.75,0.25,1.450000048,1.700000048,2.849999905,3.549999952,2.700000048
27-4012.00,Broadcast Technicians,0.927172676,1.675028463,0,0.75,0.700000048,0,1,0,0,0.549999952,0.25,3,2.75,2.700000048,2,3,3,2.650000095,2.549999952,2.25
29-2099.01,Neurodiagnostic Technologists,0.927152047,1.675502926,0,0.5,0.5,0,1,0,0,0.75,0.25,3,2.5,2.5,1.299999952,3,3,2.849999905,2.75,2.25
37-2012.00,Maids and Housekeeping Cleaners,0.92706331,1.677543877,0,0,0.299999952,0,0,0.5,0.75,1.75,1.650000095,2.200000048,2,2.299999952,1.200000048,2,3.5,3.75,3.75,3.650000095
29-2057.00,Ophthalmic Medical Technicians,0.926891273,1.681500721,0,0.75,0.25,0,0.299999952,0,0.75,1.5,0.75,3,2.75,2.25,1.25,2.299999952,2.900000095,3.75,3.5,2.75
19-4099.01,Quality Control Analysts,0.926643428,1.687201162,0.25,0.700000048,0.599999905,0,1.25,0.099999905,0,0.5,0,3.25,2.700000048,2.599999905,2,3.25,3.099999905,2.099999905,2.5,1.600000024
15-1254.00,Web Developers,0.926379655,1.693267928,0.150000095,0.549999952,1,0,1.099999905,0.150000095,0,0,0,3.150000095,2.549999952,3,2.25,3.099999905,3.150000095,0.550000012,0,0
15-1253.00,Software Quality Assurance Analysts and Testers,0.926344605,1.694074085,0.200000048,0.75,0.950000048,0,1.049999952,0,0,0,0,3.200000048,2.75,2.950000048,2,3.049999952,3,0.5,0,0
17-2072.01,Radio Frequency Identification Device Specialists,0.925836556,1.705759216,0.049999952,0.5,0.849999905,0,1,0.299999952,0,0.200000048,0,3.049999952,2.5,2.849999905,2,3,3.299999952,1.850000024,2.200000048,1.200000048
51-6021.00,"Pressers, Textile, Garment, and Related Materials",0.925795899,1.706694317,0,0,0,0,0,0,0.150000095,1.75,0.400000095,1.049999952,0.300000012,1.850000024,0.899999976,1.700000048,1.75,3.150000095,3.75,2.400000095
17-3025.00,Environmental Engineering Technologists and Technicians,0.925533248,1.712735301,0,0.599999905,0.700000048,0,1,0.049999952,0,0.400000095,0.150000095,3,2.599999905,2.700000048,2,3,3.049999952,2.799999952,2.400000095,2.150000095
17-2199.11,Solar Energy Systems Engineers,0.924871573,1.727953818,0,0.5,0.799999952,0,1.049999952,0.349999905,0,0,0,3,2.5,2.799999952,2.150000095,3.049999952,3.349999905,2.150000095,0.550000012,0.949999988
53-1041.00,Aircraft Cargo Handling Supervisors,0.924842057,1.728632683,0,1.049999952,0.400000095,0,0.75,0,0,0.349999905,0.400000095,2.849999905,3.049999952,2.400000095,1.75,2.75,2.700000048,3,2.349999905,2.400000095
35-9031.00,"Hosts and Hostesses, Restaurant, Lounge, and Coffee Shop",0.924352776,1.739886147,0.049999952,2,1.450000048,0,0.700000048,0.099999905,0,0,0.700000048,3.049999952,4,3.450000048,1.75,2.700000048,3.099999905,2.700000048,1.650000095,2.700000048
51-2092.00,Team Assemblers,0.92417855,1.743893349,0,0.799999952,0,0,0,0,0.150000095,1.349999905,0.599999905,2.25,2.799999952,2,1,2,2.950000048,3.150000095,3.349999905,2.599999905
27-1024.00,Graphic Designers,0.92351689,1.759111538,0,1,0.950000048,0.450000048,1,0,0.400000095,0,0,3,3,2.950000048,3.450000048,3,3,3.400000095,1.25,0.349999994
51-4052.00,"Pourers and Casters, Metal",0.923481777,1.759919128,0,0,0,0,0,0,0.099999905,1.200000048,1,1.049999952,1.75,1.950000048,0.449999988,1.899999976,2.049999952,3.099999905,3.200000048,3
37-3012.00,"Pesticide Handlers, Sprayers, and Applicators, Vegetation",0.923452312,1.760596817,0,0,0.150000095,0,0.049999952,0,0.25,1.200000048,1.150000095,1.950000048,2,2.150000095,0.800000012,2.049999952,2.650000095,3.25,3.200000048,3.150000095
51-4081.00,"Multiple Machine Tool Setters, Operators, and Tenders, Metal and Plastic",0.923394569,1.761924917,0,0,0,0,0,0,0,1.400000095,0.700000048,2.099999905,1.899999976,2,0.949999988,2,2.599999905,3,3.400000095,2.700000048
51-8031.00,Water and Wastewater Treatment Plant and System Operators,0.922792301,1.775777085,0,0.5,0.349999905,0,0.349999905,0.049999952,0,1.25,0.75,2.200000048,2.5,2.349999905,1,2.349999905,3.049999952,2.900000095,3.25,2.75
53-6051.00,Transportation Inspectors,0.922536138,1.781668821,0,0.849999905,0.5,0,0.849999905,0.349999905,0.549999952,0,0.549999952,3,2.849999905,2.5,1.25,2.849999905,3.349999905,3.549999952,1.649999976,2.549999952
51-6092.00,Fabric and Apparel Patternmakers,0.922451625,1.783612623,0,0,0.549999952,0,0.650000095,0,0.400000095,1.450000048,0.299999952,2.349999905,2,2.549999952,2.25,2.650000095,3,3.400000095,3.450000048,2.299999952
53-6061.00,Passenger Attendants,0.922319098,1.786660735,0,1.150000095,1.049999952,0,0,0,0,0.900000095,0.900000095,3,3.150000095,3.049999952,0.949999988,2,2.150000095,2.599999905,2.900000095,2.900000095
17-3023.00,Electrical and Electronic Engineering Technologists and Technicians,0.921971889,1.794646551,0,0,0.549999952,0,1,0.150000095,0,1.25,0.299999952,2.75,2,2.549999952,2,3,3.150000095,3,3.25,2.299999952
47-4061.00,Rail-Track Laying and Maintenance Equipment Operators,0.921497075,1.805567282,0,0,0,0,0,0,0.049999952,1.049999952,1,1.5,1.200000048,1.899999976,0.649999976,1.649999976,2.099999905,3.049999952,3.049999952,3
47-4011.01,Energy Auditors,0.921349202,1.808968345,0,0.400000095,0.950000048,0,1,0.200000048,0,0.299999952,0.349999905,3,2.400000095,2.950000048,2,3,3.200000048,2.950000048,2.299999952,2.349999905
13-2081.00,"Tax Examiners and Collectors, and Revenue Agents",0.921221327,1.811909476,0.049999952,0.849999905,1.049999952,0,1.25,0.049999952,0,0,0,3.049999952,2.849999905,3.049999952,1.700000048,3.25,3.049999952,0.5,0,0
51-9011.00,Chemical Equipment Operators and Tenders,0.921053375,1.81577237,0,0.150000095,0.25,0,0.200000048,0,0,1.200000048,0.900000095,2.099999905,2.150000095,2.25,0.949999988,2.200000048,2.5,2.599999905,3.200000048,2.900000095
51-8099.01,Biofuels Processing Technicians,0.920662887,1.824753606,0,0,0.25,0,0.200000048,0,0,1.25,0.849999905,2,1.799999952,2.25,1,2.200000048,2.700000048,3,3.25,2.849999905
53-7051.00,Industrial Truck and Tractor Operators,0.920534481,1.827706938,0,0,0,0,0,0,0.25,1.049999952,1,1.5,1.900000095,1.950000048,0.5,1.700000048,2.099999905,3.25,3.049999952,3
49-3022.00,Automotive Glass Installers and Repairers,0.92013502,1.836894532,0,0,0,0,0,0,0.450000048,1.799999952,0.900000095,1.100000024,0.899999976,2,1.450000048,1.850000024,1.799999952,3.450000048,3.799999952,2.900000095
51-8092.00,Gas Plant Operators,0.919850927,1.843428688,0,0.25,0.400000095,0,0.549999952,0.099999905,0,1.049999952,0.799999952,2.049999952,2.25,2.400000095,0.949999988,2.549999952,3.099999905,2.849999905,3.049999952,2.799999952
51-6041.00,Shoe and Leather Workers and Repairers,0.919554184,1.850253766,0,0,0,0,0,0,0.700000048,1.849999905,0.75,1.75,2,2,2,2,2.700000048,3.700000048,3.849999905,2.75
47-3011.00,"Helpers--Brickmasons, Blockmasons, Stonemasons, and Tile and Marble Setters",0.919518527,1.851073886,0,0,0,0,0,0,0.25,1.549999952,0.849999905,1.5,1.899999976,2,0.800000012,1.700000048,2.299999952,3.25,3.549999952,2.849999905
33-9031.00,Gambling Surveillance Officers and Gambling Investigators,0.919512827,1.85120499,0,0.849999905,1.299999952,0,1,0.049999952,1,0,0,2.75,2.849999905,3.299999952,0.899999976,3,3.049999952,4,0,0.5
51-4023.00,"Rolling Machine Setters, Operators, and Tenders, Metal and Plastic",0.919400403,1.853790742,0,0.450000048,0,0,0,0,0,1.299999952,0.700000048,2.150000095,2.450000048,2,1,1.950000048,1.950000048,2.799999952,3.299999952,2.700000048
29-2036.00,Medical Dosimetrists,0.918493518,1.874649076,0,0.700000048,0.5,0,1,0.25,0.349999905,0.5,0,3,2.700000048,2.5,2,3,3.25,3.349999905,2.5,1.350000024
45-4011.00,Forest and Conservation Workers,0.918110326,1.883462511,0,0.25,0,0,0,0,0.25,1.25,1.5,2.25,2.25,2,0.949999988,2,2.5,3.25,3.25,3.5
15-2051.01,Business Intelligence Analysts,0.917972195,1.88663952,0.400000095,0.299999952,1,0,1.25,0.25,0,0,0,3.400000095,2.299999952,3,2.25,3.25,3.25,0.349999994,0,0
27-4014.00,Sound Engineering Technicians,0.917377594,1.900315338,0,1,0.900000095,0,1,0.25,0,0.700000048,0,3,3,2.900000095,2.700000048,3,3.25,1.899999976,2.700000048,1.950000048
47-2082.00,Tapers,0.917027763,1.908361452,0,0,0,0,0,0,0.549999952,1.75,0.950000048,0.850000024,0.75,1.600000024,0.75,1.75,2.049999952,3.549999952,3.75,2.950000048
31-9092.00,Medical Assistants,0.916949353,1.910164891,0,1,0.25,0,0.200000048,0,0.049999952,1.450000048,0.75,3,3,2.25,1,2.200000048,2.799999952,3.049999952,3.450000048,2.75
51-4022.00,"Forging Machine Setters, Operators, and Tenders, Metal and Plastic",0.916831404,1.912877709,0,0,0,0,0,0,0,1.799999952,0.950000048,2,1.700000048,2,0.850000024,1.950000048,2.200000048,2.75,3.799999952,2.950000048
51-8013.03,Biomass Plant Technicians,0.916655018,1.91693458,0,0,0.25,0,0.400000095,0.099999905,0,1.25,0.950000048,2.349999905,0.800000012,2.25,0.899999976,2.400000095,3.099999905,2.900000095,3.25,2.950000048
19-4012.00,Agricultural Technicians,0.915300006,1.948099861,0,0.25,0.5,0,0.25,0.25,0.299999952,1.25,0.849999905,2.75,2.25,2.5,1.299999952,2.25,3.25,3.299999952,3.25,2.849999905
13-2023.00,Appraisers and Assessors of Real Estate,0.915131706,1.95197076,0.400000095,1.099999905,0.650000095,0,1.25,0.400000095,0,0,0,3.400000095,3.099999905,2.650000095,1.549999952,3.25,3.400000095,1.950000048,0,0.050000001
17-3026.00,Industrial Engineering Technologists and Technicians,0.915061091,1.953594901,0,0.450000048,0.599999905,0,1,0.25,0,0.950000048,0.349999905,3,2.450000048,2.599999905,2,3,3.25,3,2.950000048,2.349999905
53-7121.00,"Tank Car, Truck, and Ship Loaders",0.91500898,1.954793463,0,0.150000095,0,0,0,0,0,1.200000048,1,2,2.150000095,2,0.449999988,1.799999952,2.099999905,2.799999952,3.200000048,3
47-2132.00,"Insulation Workers, Mechanical",0.9149252,1.956720397,0,0,0,0,0,0,0.25,1.75,1.25,2,0.75,2,1.25,1.950000048,2.400000095,3.25,3.75,3.25
49-9091.00,"Coin, Vending, and Amusement Machine Servicers and Repairers",0.914812003,1.959323936,0,0,0.25,0,0.299999952,0,0.200000048,1.450000048,0.950000048,2.150000095,1.850000024,2.25,1.100000024,2.299999952,2.75,3.200000048,3.450000048,2.950000048
27-1023.00,Floral Designers,0.914704939,1.961786399,0,0.75,0.549999952,0,0.150000095,0,0.75,1.5,0.75,2.650000095,2.75,2.549999952,2.700000048,2.150000095,2.950000048,3.75,3.5,2.75
27-3042.00,Technical Writers,0.914562196,1.965069492,0.950000048,0.700000048,0.950000048,0,1.299999952,0.049999952,0,0,0,3.950000048,2.700000048,2.950000048,2.25,3.299999952,3.049999952,2.200000048,0.050000001,0
51-3022.00,"Meat, Poultry, and Fish Cutters and Trimmers",0.914101689,1.975661156,0,0,0,0,0,0,0.5,2,0.599999905,1,0.75,1.299999952,0.600000024,1.450000048,1.5,3.5,4,2.599999905
47-2042.00,"Floor Layers, Except Carpet, Wood, and Hard Tiles",0.913657237,1.985883549,0,0,0.049999952,0,0.099999905,0,0.549999952,1.75,1.200000048,1.25,0.899999976,2.049999952,1.5,2.099999905,2.5,3.549999952,3.75,3.200000048
51-2051.00,Fiberglass Laminators and Fabricators,0.913571731,1.987850192,0,0,0,0,0,0,0.299999952,1.75,0.75,1.350000024,0.649999976,1.899999976,1.100000024,1.799999952,1.75,3.299999952,3.75,2.75
39-5092.00,Manicurists and Pedicurists,0.913121919,1.998195873,0,1,0.049999952,0,0,0,0.549999952,1.75,1.25,2.5,3,2.049999952,2,2,2.25,3.549999952,3.75,3.25
53-7073.00,Wellhead Pumpers,0.913082762,1.999096467,0,0.299999952,0.25,0,0.150000095,0.099999905,0.099999905,1.400000095,1.150000095,2.25,2.299999952,2.25,1,2.150000095,3.099999905,3.099999905,3.400000095,3.150000095
47-2072.00,Pile Driver Operators,0.912917002,2.00290895,0,0,0,0,0,0,0.200000048,0.799999952,1.299999952,0.899999976,1.200000048,2,0.25,1.850000024,2.200000048,3.200000048,2.799999952,3.299999952
19-4042.00,"Environmental Science and Protection Technicians, Including Health",0.912756574,2.00659879,0,0.549999952,0.700000048,0,1,0.200000048,0,0.549999952,0.650000095,3,2.549999952,2.700000048,2,3,3.200000048,2.950000048,2.549999952,2.650000095
43-5011.01,Freight Forwarders,0.912246227,2.01833677,0.549999952,0.950000048,0.849999905,0,1.049999952,0.200000048,0,0,0,3.549999952,2.950000048,2.849999905,2,3.049999952,3.200000048,0.200000003,0,0
51-9124.00,"Coating, Painting, and Spraying Machine Setters, Operators, and Tenders",0.91222081,2.01892137,0,0,0,0,0,0,0.5,1.450000048,0.799999952,1.200000048,0.75,2,1.5,1.950000048,2.200000048,3.5,3.450000048,2.799999952
17-3026.01,Nanotechnology Engineering Technologists and Technicians,0.912095949,2.021793184,0,0.450000048,0.5,0,1,0.299999952,0.450000048,1.150000095,0.5,3,2.450000048,2.5,2,3,3.299999952,3.450000048,3.150000095,2.5
51-4194.00,"Tool Grinders, Filers, and Sharpeners",0.911424195,2.03724351,0,0,0,0,0,0,0,1.700000048,0.549999952,1,0.5,1.899999976,0.899999976,1.75,1.75,2.950000048,3.700000048,2.549999952
53-7041.00,Hoist and Winch Operators,0.910201495,2.065365624,0,0.25,0,0,0,0,0.200000048,1.25,1,1.75,2.25,2,0.600000024,1.950000048,2.549999952,3.200000048,3.25,3
31-9096.00,Veterinary Assistants and Laboratory Animal Caretakers,0.909970307,2.070682941,0,0.75,0.299999952,0,0.25,0.150000095,0.349999905,1.5,1.150000095,2.5,2.75,2.299999952,1.100000024,2.25,3.150000095,3.349999905,3.5,3.150000095
17-2199.05,Mechatronics Engineers,0.909219271,2.08795676,0,0,1.150000095,0,1.549999952,0.450000048,0,0,0,3,1.5,3.150000095,2.700000048,3.549999952,3.450000048,1.799999952,1.25,1.350000024
49-3091.00,Bicycle Repairers,0.909009115,2.092790363,0,0,0.150000095,0,0,0,0.200000048,1.799999952,0.75,0.850000024,0.75,2.150000095,1.200000048,2,2.349999905,3.200000048,3.799999952,2.75
47-2043.00,Floor Sanders and Finishers,0.908864414,2.096118478,0,0,0,0,0,0,0.349999905,1.5,0.900000095,0.550000012,0.5,1.549999952,0.75,1.600000024,1.950000048,3.349999905,3.5,2.900000095
31-2022.00,Physical Therapist Aides,0.908852126,2.096401102,0,1,0,0,0,0,0.25,1.900000095,1.349999905,2.5,3,2,0.949999988,2,2.5,3.25,3.900000095,3.349999905
37-1011.00,First-Line Supervisors of Housekeeping and Janitorial Workers,0.908359185,2.107738738,0.049999952,1.5,1.450000048,0,1.25,0.400000095,0,0,0,3.049999952,3.5,3.450000048,2,3.25,3.400000095,2.950000048,0.350000024,1.100000024
15-1232.00,Computer User Support Specialists,0.908355067,2.107833449,0.299999952,0.849999905,1.150000095,0,1.150000095,0.049999952,0,0.299999952,0,3.299999952,2.849999905,3.150000095,2,3.150000095,3.049999952,1.600000024,2.299999952,1.049999952
53-1042.01,Recycling Coordinators,0.908254802,2.110139563,0,1.049999952,1.450000048,0,1.25,0.200000048,0,0,0,3,3.049999952,3.450000048,2,3.25,3.200000048,2.299999952,0.25,0.649999976
51-8012.00,Power Distributors and Dispatchers,0.907995496,2.116103599,0,0.650000095,1.150000095,0,1.299999952,0.400000095,0,0.349999905,0.299999952,3,2.650000095,3.150000095,1.5,3.299999952,3.400000095,2.349999905,2.349999905,2.299999952
51-9071.06,Gem and Diamond Workers,0.907992913,2.116163006,0,0,0.549999952,0,0.75,0,1,1.849999905,0.5,1.75,0.600000024,2.549999952,2,2.75,2.75,4,3.849999905,2.5
51-4192.00,"Layout Workers, Metal and Plastic",0.907326147,2.131498623,0,0,0.25,0,0.25,0,0.549999952,1.549999952,0.849999905,1.600000024,0.949999988,2.25,1.700000048,2.25,2.599999905,3.549999952,3.549999952,2.849999905
29-2081.00,"Opticians, Dispensing",0.907294205,2.132233282,0,1,0.75,0,0.299999952,0,0.099999905,1.150000095,0.549999952,3,3,2.75,1.75,2.299999952,2.849999905,3.099999905,3.150000095,2.549999952
15-1251.00,Computer Programmers,0.906984048,2.1393669,0.5,0.75,1.049999952,0,1.450000048,0.049999952,0,0,0,3.5,2.75,3.049999952,2.25,3.450000048,3.049999952,0.300000012,0.050000001,0
47-5044.00,"Loading and Moving Machine Operators, Underground Mining",0.906632344,2.147456086,0,0,0,0,0,0,0.25,1.25,1.349999905,1.049999952,0.949999988,1.899999976,0.400000006,1.850000024,2.349999905,3.25,3.25,3.349999905
45-2021.00,Animal Breeders,0.906535335,2.149687301,0,0,0.5,0,0.150000095,0,0.5,1.75,1.450000048,2,2,2.5,1.399999976,2.150000095,2.950000048,3.5,3.75,3.450000048
51-8013.00,Power Plant Operators,0.906391705,2.152990784,0,0,0.599999905,0,0.849999905,0.299999952,0,1,0.799999952,2.400000095,1.850000024,2.599999905,1,2.849999905,3.299999952,2.599999905,3,2.799999952
31-9099.02,Endoscopy Technicians,0.905995745,2.16209787,0,0.75,0.25,0,0.25,0.049999952,0.25,1.5,0.75,2.25,2.75,2.25,1,2.25,3.049999952,3.25,3.5,2.75
49-9098.00,"Helpers--Installation, Maintenance, and Repair Workers",0.90546614,2.174278788,0,0.200000048,0.150000095,0,0.200000048,0,0.299999952,1.549999952,1,2,2.200000048,2.150000095,1.600000024,2.200000048,3,3.299999952,3.549999952,3
45-2091.00,Agricultural Equipment Operators,0.905126419,2.182092356,0,0,0,0,0,0,0.299999952,1.25,1.349999905,1.299999952,1.299999952,2,0.550000012,2,2.5,3.299999952,3.25,3.349999905
47-2041.00,Carpet Installers,0.905099121,2.18272022,0,0,0,0,0,0,0.549999952,1.799999952,1.299999952,1.100000024,1.350000024,2,1.5,2,2.049999952,3.549999952,3.799999952,3.299999952
17-2199.10,Wind Energy Engineers,0.904753813,2.190662294,0.049999952,0.799999952,1.049999952,0,1.400000095,0.5,0,0,0,3.049999952,2.799999952,3.049999952,2.25,3.400000095,3.5,2.299999952,1,1.149999976
51-4051.00,Metal-Refining Furnace Operators and Tenders,0.904563763,2.195033446,0,0.25,0.25,0,0.099999905,0,0.25,1.200000048,1,1.899999976,2.25,2.25,0.850000024,2.099999905,2.25,3.25,3.200000048,3
41-9011.00,Demonstrators and Product Promoters,0.904428453,2.198145583,0.549999952,1.900000095,1.049999952,0,0.549999952,0.049999952,0,0.25,0.700000048,3.549999952,3.900000095,3.049999952,2.150000095,2.549999952,3.049999952,2.5,2.25,2.700000048
47-3012.00,Helpers--Carpenters,0.902532073,2.241762318,0,0.049999952,0,0,0,0,0.349999905,1.75,1.25,1.5,2.049999952,2,0.899999976,1.75,2.5,3.349999905,3.75,3.25
49-9061.00,Camera and Photographic Equipment Repairers,0.902442412,2.243824532,0,0,0.349999905,0,0.599999905,0,0.700000048,2,0.75,2.349999905,0.75,2.349999905,1.75,2.599999905,2.950000048,3.700000048,4,2.75
15-1243.00,Database Architects,0.902432755,2.244046633,0.099999905,0.549999952,1.099999905,0,1.349999905,0.400000095,0,0,0,3.099999905,2.549999952,3.099999905,2.25,3.349999905,3.400000095,0,0,0
47-2142.00,Paperhangers,0.901810221,2.258364917,0,0,0,0,0,0,0.75,1.75,1.150000095,0.850000024,0.850000024,1.950000048,1.149999976,1.950000048,2.349999905,3.75,3.75,3.150000095
41-9091.00,"Door-to-Door Sales Workers, News and Street Vendors, and Related Workers",0.901631087,2.262484996,0.099999905,1.950000048,1.099999905,0,0.5,0.25,0,0.25,1.5,3.099999905,3.950000048,3.099999905,2,2.5,3.25,2.549999952,2.25,3.5
23-2011.00,Paralegals and Legal Assistants,0.901482756,2.265896611,1,1.25,1,0,1.25,0.25,0,0,0,4,3.25,3,1.950000048,3.25,3.25,0.25,0.200000003,0
17-2051.02,Water/Wastewater Engineers,0.901305293,2.269978263,0.299999952,0.400000095,0.900000095,0,1.300000191,0.299999952,0,0,0,3.299999952,2.400000095,2.900000095,2.099999905,3.300000191,3.299999952,1.100000024,0,0.5
51-4071.00,Foundry Mold and Coremakers,0.901162056,2.273272704,0,0,0,0,0,0,0.150000095,1.799999952,1,1,1.700000048,2,1,1.799999952,1.899999976,3.150000095,3.799999952,3
47-3013.00,Helpers--Electricians,0.900974751,2.277580728,0,0,0,0,0,0,0.25,1.5,1.450000048,1.5,1.850000024,1.850000024,0.649999976,1.700000048,2.450000048,3.25,3.5,3.450000048
31-9091.00,Dental Assistants,0.900893885,2.279440634,0,0.900000095,0.299999952,0,0.349999905,0.049999952,0.5,1.75,0.900000095,2.799999952,2.900000095,2.299999952,1.700000048,2.349999905,3.049999952,3.5,3.75,2.900000095
13-1051.00,Cost Estimators,0.900830653,2.280894983,0.5,1.25,0.950000048,0,1.349999905,0.099999905,0,0,0,3.5,3.25,2.950000048,2,3.349999905,3.099999905,2.299999952,0.050000001,0.300000012
39-6011.00,Baggage Porters and Bellhops,0.900802468,2.281543238,0,1.25,1.049999952,0,0.049999952,0,0.049999952,1.299999952,1.25,2.75,3.25,3.049999952,1.049999952,2.049999952,2.299999952,3.049999952,3.299999952,3.25
47-3016.00,Helpers--Roofers,0.900629977,2.28551052,0,0,0,0,0,0,0.299999952,1.5,1.5,1.5,1.899999976,2,0.699999988,1.700000048,2.5,3.299999952,3.5,3.5
47-2131.00,"Insulation Workers, Floor, Ceiling, and Wall",0.900610151,2.285966523,0,0,0,0,0,0,0.25,1.75,1.25,1.700000048,0.75,2,1.049999952,1.899999976,2.099999905,3.25,3.75,3.25
35-2012.00,"Cooks, Institution and Cafeteria",0.900579466,2.286672276,0,0.700000048,0.25,0,0.200000048,0.200000048,0.25,1.650000095,1.349999905,2.25,2.700000048,2.25,1.700000048,2.200000048,3.200000048,3.25,3.650000095,3.349999905
53-4011.00,Locomotive Engineers,0.900571134,2.28686392,0,0.25,0.599999905,0,0.799999952,0.099999905,0.299999952,0,1.349999905,2.700000048,2.25,2.599999905,0.800000012,2.799999952,3.099999905,3.299999952,1.799999952,3.349999905
51-3023.00,Slaughterers and Meat Packers,0.900539345,2.287595066,0,0,0,0,0,0,0.450000048,2,1,0.899999976,0.850000024,1.700000048,0.400000006,1.5,1.75,3.450000048,4,3
39-2021.00,Animal Caretakers,0.900035974,2.299172588,0,1.049999952,1.200000048,0,0.5,0.349999905,0.549999952,1.599999905,1.599999905,2.599999905,3.049999952,3.200000048,1.649999976,2.5,3.349999905,3.549999952,3.599999905,3.599999905
15-1244.00,Network and Computer Systems Administrators,0.899767905,2.305338176,0,0.599999905,1.25,0,1.150000095,0.450000048,0,0,0,3,2.599999905,3.25,2,3.150000095,3.450000048,1.149999976,1.700000048,0.899999976
53-4041.00,Subway and Streetcar Operators,0.899572657,2.309828896,0,0.75,0.650000095,0,0.5,0,0.699999809,0,1.099999905,2.900000095,2.75,2.650000095,0.5,2.5,2.700000048,3.699999809,1.549999952,3.099999905
19-4031.00,Chemical Technicians,0.89954655,2.310429357,0,0.349999905,0.650000095,0,1,0.299999952,0,1.099999905,0.349999905,3,2.349999905,2.650000095,2,3,3.299999952,3,3.099999905,2.349999905
37-3011.00,Landscaping and Groundskeeping Workers,0.899075468,2.321264236,0,0,0.099999905,0,0,0,0.5,1.5,1.5,1.950000048,1.75,2.099999905,1.75,1.950000048,2.75,3.5,3.5,3.5
47-2071.00,"Paving, Surfacing, and Tamping Equipment Operators",0.898833787,2.3268229,0,0.450000048,0,0,0,0,0.549999952,1.25,1.450000048,1.549999952,2.450000048,2,0.850000024,2,2.549999952,3.549999952,3.25,3.450000048
53-4031.00,Railroad Conductors and Yardmasters,0.89854841,2.333386575,0,1.099999905,0.950000048,0,0.849999905,0.150000095,0.099999905,0,0.900000095,3,3.099999905,2.950000048,1.049999952,2.849999905,3.150000095,3.099999905,1.75,2.900000095
31-9097.00,Phlebotomists,0.898122817,2.343175201,0,1,0.049999952,0,0.049999952,0,0.5,1.75,1.200000048,2.950000048,3,2.049999952,0.800000012,2.049999952,2.549999952,3.5,3.75,3.200000048
49-2011.00,"Computer, Automated Teller, and Office Machine Repairers",0.897847429,2.349509143,0,0.400000095,0.400000095,0,0.650000095,0.200000048,0.049999952,1.5,1,2.450000048,2.400000095,2.400000095,1.25,2.650000095,3.200000048,3.049999952,3.5,3
45-2092.00,"Farmworkers and Laborers, Crop, Nursery, and Greenhouse",0.897824259,2.350042036,0,0,0,0,0,0,0.25,1.549999952,0.950000048,1.600000024,1.5,1.950000048,0.75,1.75,2.349999905,3.25,3.549999952,2.950000048
17-3029.08,Photonics Technicians,0.897589501,2.355441484,0,0,0.5,0,0.950000048,0,0.400000095,1.75,0.75,2,1.100000024,2.5,2,2.950000048,3,3.400000095,3.75,2.75
53-7062.04,Recycling and Reclamation Workers,0.897126062,2.366100572,0,0,0,0,0,0,0.5,1.549999952,1.049999952,1.25,0.899999976,1.850000024,0.449999988,1.700000048,2.099999905,3.5,3.549999952,3.049999952
53-1042.00,"First-Line Supervisors of Helpers, Laborers, and Material Movers, Hand",0.896495888,2.380594582,0,1.5,1.599999905,0,1.200000048,0.299999952,0,0,0,3,3.5,3.599999905,1.700000048,3.200000048,3.299999952,2.900000095,0.400000006,1.200000048
19-4051.00,Nuclear Technicians,0.895628795,2.400537722,0,0.299999952,0.5,0,0.950000048,0.099999905,0,1.25,0.75,3,2.299999952,2.5,1.899999976,2.950000048,3.099999905,2.599999905,3.25,2.75
49-9012.00,"Control and Valve Installers and Repairers, Except Mechanical Door",0.895360203,2.406715331,0,0,0.5,0,0.450000048,0.099999905,0,1.799999952,1.099999905,2.349999905,2,2.5,1.450000048,2.450000048,3.099999905,3,3.799999952,3.099999905
17-3021.00,Aerospace Engineering and Operations Technologists and Technicians,0.895345177,2.407060927,0,0.099999905,0.5,0,1,0.349999905,0.099999905,1.299999952,0.75,3,2.099999905,2.5,1.75,3,3.349999905,3.099999905,3.299999952,2.75
25-9044.00,"Teaching Assistants, Postsecondary",0.895098761,2.412728487,1,1.700000048,1.049999952,0,1.25,0.25,0,0,0,4,3.700000048,3.049999952,2.200000048,3.25,3.25,1.400000095,1.450000048,1.350000024
29-2035.00,Magnetic Resonance Imaging Technologists,0.895091806,2.412888473,0,1,0.599999905,0,0.900000095,0,0.099999905,1,0.75,3,3,2.599999905,1.049999952,2.900000095,2.950000048,3.099999905,3,2.75
27-1026.00,Merchandise Displayers and Window Trimmers,0.895091507,2.412895334,0,0.75,0.950000048,0,0.549999952,0.049999952,0.849999905,1.5,0.799999952,2.5,2.75,2.950000048,3,2.549999952,3.049999952,3.849999905,3.5,2.799999952
53-4013.00,"Rail Yard Engineers, Dinkey Operators, and Hostlers",0.894983514,2.415379188,0,0.5,0.25,0,0.349999905,0,0.299999952,1.099999905,1.049999952,2.400000095,2.5,2.25,0.5,2.349999905,2.950000048,3.299999952,3.099999905,3.049999952
51-6051.00,"Sewers, Hand",0.894871543,2.417954515,0,0,0,0,0,0,0.400000095,2,0.75,1,0.25,1.850000024,1.299999952,1.600000024,1.75,3.400000095,4,2.75
29-2099.05,Ophthalmic Medical Technologists,0.894515456,2.426144509,0,1,0.599999905,0,0.75,0.049999952,1,1.400000095,0.75,3,3,2.599999905,1.200000048,2.75,3.049999952,4,3.400000095,2.75
39-7011.00,Tour Guides and Escorts,0.894284848,2.431448501,1.199999809,2,1.5,0,1.200000048,0.5,0.100000143,0,1.400000095,4.199999809,4,3.5,2.549999952,3.200000048,3.5,3.100000143,2,3.400000095
47-5043.00,"Roof Bolters, Mining",0.893408463,2.451605362,0,0,0,0,0,0,0.200000048,1.299999952,1.25,0.75,0.800000012,1.75,0.25,1.799999952,2.049999952,3.200000048,3.299999952,3.25
19-4051.02,Nuclear Monitoring Technicians,0.893253136,2.455177864,0,0.549999952,0.5,0,0.900000095,0.200000048,0,1.200000048,0.950000048,3,2.549999952,2.5,1.299999952,2.900000095,3.200000048,2.849999905,3.200000048,2.950000048
27-1014.00,Special Effects Artists and Animators,0.892320972,2.476617653,0,0.599999905,1,0.799999952,1.299999952,0.049999952,0.900000095,0.650000095,0,3,2.599999905,3,3.799999952,3.299999952,3.049999952,3.900000095,2.650000095,1.149999976
47-3015.00,"Helpers--Pipelayers, Plumbers, Pipefitters, and Steamfitters",0.892298507,2.477134333,0,0,0,0,0,0,0.25,1.75,1.650000095,1.75,1.950000048,2,0.75,1.75,2.549999952,3.25,3.75,3.650000095
29-2011.04,Histotechnologists,0.892204377,2.479299327,0,0.650000095,0.549999952,0,1,0.25,1,1.549999952,0.299999952,2.5,2.650000095,2.549999952,1.549999952,3,3.25,4,3.549999952,2.299999952
17-2112.02,Validation Engineers,0.891693969,2.491038709,0.400000095,0.849999905,1,0,1.299999952,0.299999952,0,0,0,3.400000095,2.849999905,3,2.049999952,3.299999952,3.299999952,1.649999976,1.700000048,1.149999976
53-7081.00,Refuse and Recyclable Material Collectors,0.891654738,2.491941027,0,0,0,0,0,0,0.599999905,1.25,1.75,2.049999952,1.850000024,2,0.649999976,2,2.049999952,3.599999905,3.25,3.75
47-2141.00,"Painters, Construction and Maintenance",0.89123119,2.501682635,0,0,0.200000048,0,0,0,0.75,1.75,1.75,2.200000048,2,2.200000048,2,2,2.849999905,3.75,3.75,3.75
15-1241.01,Telecommunications Engineering Specialists,0.890888212,2.509571115,0.400000095,0.75,1.299999952,0,1.5,0.650000095,0,0,0,3.400000095,2.75,3.299999952,2,3.5,3.650000095,0.449999988,0.100000001,0.5
51-8091.00,Chemical Plant and System Operators,0.890790017,2.5118296,0,0.549999952,0.5,0,0.700000048,0.150000095,0,1.25,1,2.549999952,2.549999952,2.5,1.100000024,2.700000048,3.150000095,2.900000095,3.25,3
27-4032.00,Film and Video Editors,0.890754176,2.512653959,0.049999952,1.200000048,1.25,0.900000095,1.5,0,0.950000048,0,0,3.049999952,3.200000048,3.25,3.900000095,3.5,3,3.950000048,0.5,0
17-3027.01,Automotive Engineering Technicians,0.890724855,2.513328325,0,0,0.650000095,0,1,0.299999952,0,1.450000048,0.75,2.75,2,2.650000095,2,3,3.299999952,3,3.450000048,2.75
49-9043.00,"Maintenance Workers, Machinery",0.890711206,2.513642258,0,0.25,0.25,0,0.25,0,0.25,1.799999952,1,2.049999952,2.25,2.25,1.149999976,2.25,3,3.25,3.799999952,3
43-4061.00,"Eligibility Interviewers, Government Programs",0.89056741,2.516949577,0.5,1.650000095,1.200000048,0,1.25,0.049999952,0,0,0,3.5,3.650000095,3.200000048,1.200000048,3.25,3.049999952,0.899999976,0,0.450000018
17-2112.00,Industrial Engineers,0.890476521,2.519040013,0,1.049999952,1.25,0,1.349999905,0.5,0,0,0,3,3.049999952,3.25,2,3.349999905,3.5,1.899999976,0.100000001,0.5
49-9045.00,"Refractory Materials Repairers, Except Brickmasons",0.889775375,2.53516637,0,0,0,0,0.049999952,0,0.299999952,2,1.150000095,1.100000024,1.149999976,2,1.149999976,2.049999952,2.299999952,3.299999952,4,3.150000095
51-3021.00,Butchers and Meat Cutters,0.888733787,2.55912289,0,0.450000048,0.150000095,0,0,0,0.700000048,2,0.950000048,2.450000048,2.450000048,2.150000095,1.600000024,2,2.5,3.700000048,4,2.950000048
53-3031.00,Driver/Sales Workers,0.888475844,2.565055598,0,1,0.700000048,0,0,0,0.5,0.900000095,1.799999952,3,3,2.700000048,1.299999952,2,2.849999905,3.5,2.900000095,3.799999952
51-8021.00,Stationary Engineers and Boiler Operators,0.88845348,2.56556996,0,0,0.5,0,0.950000048,0.599999905,0,1.349999905,1,2.5,1.799999952,2.5,1.700000048,2.950000048,3.599999905,3,3.349999905,3
47-2053.00,Terrazzo Workers and Finishers,0.88836672,2.567565446,0,0,0.200000048,0,0,0,0.400000095,1.950000048,1.099999905,1.5,1.600000024,2.200000048,1.450000048,1.950000048,2.450000048,3.400000095,3.950000048,3.099999905
13-2072.00,Loan Officers,0.887998261,2.576039999,0.650000095,1.599999905,1,0,1.25,0,0,0,0,3.650000095,3.599999905,3,2,3.25,3,0.050000001,0,0
51-7031.00,"Model Makers, Wood",0.887867817,2.579040215,0,0,0.25,0,0.349999905,0,0.799999952,1.849999905,0.849999905,2.25,1.649999976,2.25,2.049999952,2.349999905,2.900000095,3.799999952,3.849999905,2.849999905
31-2012.00,Occupational Therapy Aides,0.887861638,2.579182331,0.049999952,1.25,0.900000095,0,0.349999905,0.150000095,0,1.200000048,1.25,3.049999952,3.25,2.900000095,1.899999976,2.349999905,3.150000095,3,3.200000048,3.25
29-2011.00,Medical and Clinical Laboratory Technologists,0.8877958,2.580696597,0,0.549999952,0.549999952,0,1.099999905,0.5,0.700000048,1.200000048,0.349999905,2.900000095,2.549999952,2.549999952,2,3.099999905,3.5,3.700000048,3.200000048,2.349999905
33-9032.00,Security Guards,0.887386987,2.590099298,0,1.450000048,1.5,0,0.75,0.25,0.5,0.349999905,1.400000095,2.75,3.450000048,3.5,1,2.75,3.25,3.5,2.349999905,3.400000095
51-9081.00,Dental Laboratory Technicians,0.887372582,2.590430607,0,0.25,0.25,0,0.400000095,0,0.950000048,2,0.599999905,2.25,2.25,2.25,2,2.400000095,3,3.950000048,4,2.599999905
51-2061.00,Timing Device Assemblers and Adjusters,0.886834207,2.602813248,0,0,0.299999952,0,0,0,0.799999952,2.349999905,0.5,1.75,0.349999994,2.299999952,0.75,1.899999976,2.049999952,3.799999952,4.349999905,2.5
51-2031.00,Engine and Other Machine Assemblers,0.886444966,2.611765783,0,0,0,0,0,0,0.599999905,2,1,2.099999905,0.800000012,2,1,2,2.349999905,3.599999905,4,3
13-1022.00,"Wholesale and Retail Buyers, Except Farm Products",0.885752777,2.627686122,0.450000048,1.25,1.25,0,1.150000095,0.049999952,0,0,0,3.450000048,3.25,3.25,2.049999952,3.150000095,3.049999952,1.700000048,0.150000006,0
51-9022.00,"Grinding and Polishing Workers, Hand",0.885172726,2.641027296,0,0,0,0,0,0,0.5,1.900000095,0.950000048,1.25,0.649999976,2,1.049999952,1.75,1.75,3.5,3.900000095,2.950000048
53-4022.00,"Railroad Brake, Signal, and Switch Operators and Locomotive Firers",0.884495979,2.656592477,0,0.150000095,0,0,0.049999952,0,0.599999905,1.5,1.25,2.25,2.150000095,2,0.449999988,2.049999952,1.899999976,3.599999905,3.5,3.25
51-7021.00,Furniture Finishers,0.884131455,2.664976536,0,0.049999952,0.549999952,0,0.299999952,0.200000048,0.799999952,1.900000095,0.799999952,2.400000095,2.049999952,2.549999952,2.25,2.299999952,3.200000048,3.799999952,3.900000095,2.799999952
51-4062.00,"Patternmakers, Metal and Plastic",0.884107456,2.665528513,0,0,0.5,0,0.450000048,0,0.75,2,1,2,0.649999976,2.5,2,2.450000048,3,3.75,4,3
51-7032.00,"Patternmakers, Wood",0.883944194,2.669283544,0,0,0.349999905,0,0.299999952,0,0.700000048,1.799999952,0.700000048,2.099999905,1.100000024,2.349999905,2,2.299999952,2.700000048,3.700000048,3.799999952,2.700000048
37-2021.00,Pest Control Workers,0.883564776,2.67801016,0,0.150000095,0.700000048,0,0.349999905,0.25,0.25,1.450000048,1.5,2.450000048,2.150000095,2.700000048,1.350000024,2.349999905,3.25,3.25,3.450000048,3.5
33-9093.00,Transportation Security Screeners,0.883464636,2.680313383,0,1.25,1.099999905,0,0.799999952,0,0.900000095,0.75,0.75,2.75,3.25,3.099999905,0.800000012,2.799999952,2.700000048,3.900000095,2.75,2.75
13-2031.00,Budget Analysts,0.883112099,2.688421724,0.799999952,1.25,1.200000048,0,1.349999905,0,0,0,0,3.799999952,3.25,3.200000048,2,3.349999905,3,0,0,0
25-3021.00,Self-Enrichment Teachers,0.882537706,2.701632761,1,2,1.599999905,0,1.150000095,0.599999905,0,0,0,4,4,3.599999905,2.950000048,3.150000095,3.599999905,2.549999952,1.299999952,1.5
47-5051.00,"Rock Splitters, Quarry",0.882496132,2.702588959,0,0,0,0,0.25,0,0.450000048,1.75,1.400000095,1.049999952,1.399999976,2,0.699999988,2.25,2.450000048,3.450000048,3.75,3.400000095
51-9195.03,"Stone Cutters and Carvers, Manufacturing",0.88229533,2.707207409,0,0,0,0,0,0,0.950000048,2.050000191,1,1.200000048,0.25,2,2.25,2,2.700000048,3.950000048,4.050000191,3
49-9097.00,Signal and Track Switch Repairers,0.882224206,2.708843264,0,0,0.25,0,0.5,0,0.150000095,1.400000095,1.400000095,2,1.600000024,2.25,0.899999976,2.5,3,3.150000095,3.400000095,3.400000095
51-2041.00,Structural Metal Fabricators and Fitters,0.881392953,2.727962074,0,0,0.349999905,0,0.400000095,0.150000095,1,2,1.200000048,2.049999952,1.450000048,2.349999905,1.25,2.400000095,3.150000095,4,4,3.200000048
29-2033.00,Nuclear Medicine Technologists,0.880855009,2.740334794,0,1,0.75,0,1,0.349999905,0.049999952,1.099999905,0.700000048,3,3,2.75,1.799999952,3,3.349999905,3.049999952,3.099999905,2.700000048
47-2151.00,Pipelayers,0.880589103,2.746450625,0,0.25,0,0,0,0,0.25,1.700000048,1.75,2.25,2.25,2,1,2,2.599999905,3.25,3.700000048,3.75
49-2097.00,Audiovisual Equipment Installers and Repairers,0.880511954,2.748225052,0,0.400000095,0.799999952,0,0.900000095,0.450000048,0,1.400000095,1.299999952,3,2.400000095,2.799999952,1.399999976,2.900000095,3.450000048,3,3.400000095,3.299999952
29-2056.00,Veterinary Technologists and Technicians,0.880388976,2.751053563,0,0.5,0.599999905,0,0.450000048,0.200000048,0.299999952,1.75,1.200000048,2.299999952,2.5,2.599999905,1.25,2.450000048,3.200000048,3.299999952,3.75,3.200000048
17-3027.00,Mechanical Engineering Technologists and Technicians,0.880190117,2.755627315,0,0.5,0.599999905,0,1,0.200000048,0.049999952,1.349999905,0.799999952,3,2.5,2.599999905,2.099999905,3,3.200000048,3.049999952,3.349999905,2.799999952
33-3011.00,Bailiffs,0.879856412,2.76330252,0,1.650000095,1.599999905,0,0.950000048,0.299999952,0.349999905,0.549999952,1.5,2.599999905,3.650000095,3.599999905,0.800000012,2.950000048,3.299999952,3.349999905,2.549999952,3.5
51-4121.00,"Welders, Cutters, Solderers, and Brazers",0.87969024,2.767124469,0,0,0.25,0,0.25,0.049999952,0.950000048,2,1.150000095,2.150000095,1.700000048,2.25,1.649999976,2.25,3.049999952,3.950000048,4,3.150000095
51-2011.00,"Aircraft Structure, Surfaces, Rigging, and Systems Assemblers",0.879262273,2.776967715,0,0,0.5,0,0.150000095,0,1,2,1,1.899999976,1.049999952,2.5,1.200000048,2.150000095,2.400000095,4,4,3
41-4011.07,Solar Sales Representatives and Assessors,0.879247813,2.77730031,0.75,1.799999952,0.849999905,0,1.150000095,0.049999952,0,0,0,3.75,3.799999952,2.849999905,2.049999952,3.150000095,3.049999952,2.5,0.850000024,0.800000012
29-2034.00,Radiologic Technologists and Technicians,0.879172614,2.779029883,0,1.049999952,0.349999905,0,0.599999905,0,0.5,1.75,1.049999952,3,3.049999952,2.349999905,1.299999952,2.599999905,3,3.5,3.75,3.049999952
47-2044.00,Tile and Stone Setters,0.878701309,2.789869893,0,0.049999952,0.5,0,0.049999952,0.25,0.75,1.950000048,1.549999952,2.400000095,2.049999952,2.5,2,2.049999952,3.25,3.75,3.950000048,3.549999952
49-2095.00,"Electrical and Electronics Repairers, Powerhouse, Substation, and Relay",0.878504983,2.794385392,0,0.25,0.5,0,1,0.349999905,0,1.5,1.049999952,2.799999952,2.25,2.5,1.200000048,3,3.349999905,3,3.5,3.049999952
53-3033.00,Light Truck Drivers,0.878346686,2.798026215,0,0.200000048,0,0,0,0,1.050000191,1,1.849999905,2.150000095,2.200000048,2,0.699999988,2,2.349999905,4.050000191,3,3.849999905
53-5011.00,Sailors and Marine Oilers,0.878197892,2.801448495,0,0.25,0,0,0,0,0.400000095,1.5,1.5,2.049999952,2.25,2,0.75,2,2.900000095,3.400000095,3.5,3.5
39-5094.00,Skincare Specialists,0.877883913,2.808670001,0,1.400000095,0.950000048,0,0.799999952,0.25,0.75,1.650000095,1.150000095,3,3.400000095,2.950000048,2,2.799999952,3.25,3.75,3.650000095,3.150000095
47-5081.00,Helpers--Extraction Workers,0.877398312,2.819838828,0,0.049999952,0,0,0,0,0.25,1.5,1.400000095,1.75,2.049999952,2,0.550000012,1.549999952,2.5,3.25,3.5,3.400000095
49-2092.00,"Electric Motor, Power Tool, and Related Repairers",0.87626519,2.845900622,0,0,0.25,0,0.25,0,0.200000048,2,1,2,0.75,2.25,1.049999952,2.25,2.849999905,3.200000048,4,3
43-6011.00,Executive Secretaries and Executive Administrative Assistants,0.875931114,2.85358437,0.950000048,1.5,1.450000048,0,1.549999952,0.049999952,0,0,0,3.950000048,3.5,3.450000048,2,3.549999952,3.049999952,0.25,0.25,0.100000001
31-1132.00,Orderlies,0.874842799,2.878615623,0,1.25,0.349999905,0,0.049999952,0,0.25,2.199999809,1.900000095,2.150000095,3.25,2.349999905,0.5,2.049999952,2.5,3.25,4.199999809,3.900000095
49-2098.00,Security and Fire Alarm Systems Installers,0.874199371,2.893414468,0,0.5,0.650000095,0,0.549999952,0.25,0.049999952,1.700000048,1.400000095,2.75,2.5,2.650000095,1.5,2.549999952,3.25,3.049999952,3.700000048,3.400000095
27-4021.00,Photographers,0.874081432,2.896127072,0,0.799999952,0.599999905,0.700000048,0.950000048,0,1.099999905,0.900000095,0.700000048,2.299999952,2.799999952,2.599999905,3.700000048,2.950000048,3,4.099999905,2.900000095,2.700000048
29-2092.00,Hearing Aid Specialists,0.873505287,2.909378398,0,1.150000095,1,0,1,0.25,0,1.349999905,0.599999905,3,3.150000095,3,2,3,3.25,2.849999905,3.349999905,2.599999905
13-1021.00,"Buyers and Purchasing Agents, Farm Products",0.873404721,2.911691406,0.5,1.700000048,1.200000048,0,1.200000048,0.450000048,0,0,0,3.5,3.700000048,3.200000048,2,3.200000048,3.450000048,3,0,0.400000006
39-5011.00,Barbers,0.873343614,2.913096884,0,1.25,0.900000095,0,0.349999905,0.200000048,0.75,2.050000191,1.400000095,2.650000095,3.25,2.900000095,2,2.349999905,3.200000048,3.75,4.050000191,3.400000095
51-6052.00,"Tailors, Dressmakers, and Custom Sewers",0.872353386,2.93587212,0,0.650000095,0.599999905,0,0.450000048,0,0.950000048,2.050000191,1.25,2.200000048,2.650000095,2.599999905,2.25,2.450000048,3,3.950000048,4.050000191,3.25
51-8013.04,Hydroelectric Plant Technicians,0.872155137,2.940431856,0,0,0.5,0,0.900000095,0.5,0,1.599999905,1.150000095,2.049999952,1.700000048,2.5,1,2.900000095,3.5,3,3.599999905,3.150000095
49-2022.00,"Telecommunications Equipment Installers and Repairers, Except Line Installers",0.871795759,2.948697552,0,0,0.650000095,0,0.700000048,0,0.150000095,1.450000048,1.299999952,2.400000095,1.899999976,2.650000095,1.25,2.700000048,2.950000048,3.150000095,3.450000048,3.299999952
47-4051.00,Highway Maintenance Workers,0.871323322,2.959563602,0,0.450000048,0.049999952,0,0.099999905,0,0.700000048,1.5,1.599999905,1.600000024,2.450000048,2.049999952,0.899999976,2.099999905,2.799999952,3.700000048,3.5,3.599999905
47-2081.00,Drywall and Ceiling Tile Installers,0.871121159,2.964213348,0,0,0,0,0,0,0.75,2,1.599999905,1.299999952,1.25,2,1.149999976,1.950000048,2.400000095,3.75,4,3.599999905
13-1041.00,Compliance Officers,0.870927541,2.968666567,0.799999952,1.299999952,1.049999952,0,1.299999952,0.450000048,0,0,0,3.799999952,3.299999952,3.049999952,1.399999976,3.299999952,3.450000048,2.450000048,0,0.949999988
49-2096.00,"Electronic Equipment Installers and Repairers, Motor Vehicles",0.869841755,2.993639636,0,0.25,0.75,0,0.75,0.099999905,0.049999952,1.650000095,1.099999905,2.450000048,2.25,2.75,2,2.75,3.099999905,3.049999952,3.650000095,3.099999905
47-5071.00,"Roustabouts, Oil and Gas",0.869734771,2.996100275,0,0.349999905,0.099999905,0,0.150000095,0,0.400000095,1.75,1.650000095,1.5,2.349999905,2.099999905,0.850000024,2.150000095,2.650000095,3.400000095,3.75,3.650000095
49-9052.00,Telecommunications Line Installers and Repairers,0.869698716,2.996929531,0,0.049999952,0.5,0,0.150000095,0.150000095,0.450000048,1.950000048,1.75,2.200000048,2.049999952,2.5,1,2.150000095,3.150000095,3.450000048,3.950000048,3.75
47-2171.00,Reinforcing Iron and Rebar Workers,0.869445111,3.002762437,0,0,0,0,0,0,0.5,2,1.5,1.850000024,1.650000095,2,1,2,2.5,3.5,4,3.5
51-9071.00,Jewelers and Precious Stone and Metal Workers,0.8693487,3.004979891,0,0.099999905,0.5,0,0.950000048,0.099999905,1,2.150000095,1.200000048,2.450000048,2.099999905,2.5,2.599999905,2.950000048,3.099999905,4,4.150000095,3.200000048
17-2061.00,Computer Hardware Engineers,0.869247612,3.007304923,0.25,1,0.900000095,0,1.650000095,0.599999905,0,0.550000191,0,3.25,3,2.900000095,2.349999905,3.650000095,3.599999905,2.049999952,2.550000191,1.350000024
35-2014.00,"Cooks, Restaurant",0.868362794,3.02765574,0,0.849999905,0.799999952,0,0.25,0.549999952,0.75,2,1.700000048,2.25,2.849999905,2.799999952,1.950000048,2.25,3.549999952,3.75,4,3.700000048
27-2012.05,Media Technical Directors/Managers,0.868097606,3.033755059,0,1.400000095,1.349999905,0,1.349999905,0.25,0.799999952,0,0,3,3.400000095,3.349999905,2.25,3.349999905,3.25,3.799999952,1.25,1.099999905
17-1022.00,Surveyors,0.86793572,3.037478438,0,0.75,0.75,0,1.200000048,0.299999952,0.75,0.75,1.299999952,3,2.75,2.75,2,3.200000048,3.299999952,3.75,2.75,3.299999952
29-1124.00,Radiation Therapists,0.867176971,3.054929661,0,1.150000095,0.700000048,0,0.799999952,0.150000095,0.25,1.299999952,0.900000095,3,3.150000095,2.700000048,1.299999952,2.799999952,3.150000095,3.25,3.299999952,2.900000095
47-2161.00,Plasterers and Stucco Masons,0.866871887,3.061946596,0,0.049999952,0.200000048,0,0,0,0.75,1.950000048,1.650000095,1.75,2.049999952,2.200000048,2,2,3,3.75,3.950000048,3.650000095
25-4011.00,Archivists,0.866599497,3.068211579,0.900000095,1.450000048,1.349999905,0,1.549999952,0.849999905,0,0,0,3.900000095,3.450000048,3.349999905,2.549999952,3.549999952,3.849999905,2.299999952,1.75,0.600000024
19-3022.00,Survey Researchers,0.86658658,3.068508667,1,1.349999905,1,0,1.400000095,0.150000095,0,0,0,4,3.349999905,3,2.049999952,3.400000095,3.150000095,0,0,0
35-3031.00,Waiters and Waitresses,0.866558767,3.069148349,0,2,1.5,0,0.150000095,0.400000095,0.200000048,1.25,1.200000048,3,4,3.5,1.299999952,2.150000095,3.400000095,3.200000048,3.25,3.200000048
17-3029.01,Non-Destructive Testing Specialists,0.865926189,3.083697646,0,0.400000095,0.549999952,0,1.099999905,0.450000048,0.950000048,1.150000095,0.900000095,3,2.400000095,2.549999952,2,3.099999905,3.450000048,3.950000048,3.150000095,2.900000095
31-1131.00,Nursing Assistants,0.865735389,3.088086062,0,1.299999952,0.700000048,0,0.200000048,0.200000048,0.5,2.199999809,2,2.450000048,3.299999952,2.700000048,1,2.200000048,3.200000048,3.5,4.199999809,4
49-2093.00,"Electrical and Electronics Installers and Repairers, Transportation Equipment",0.865489792,3.093734777,0,0,0.799999952,0,0.950000048,0.299999952,0,1.75,1.150000095,2.5,2,2.799999952,1.450000048,2.950000048,3.299999952,3,3.75,3.150000095
51-6093.00,Upholsterers,0.865318423,3.097676265,0,0,0.450000048,0,0.200000048,0,0.75,1.849999905,1.099999905,2.450000048,2,2.450000048,2,2.200000048,2.900000095,3.75,3.849999905,3.099999905
39-3092.00,Costume Attendants,0.865246237,3.099336547,0,1.349999905,1.200000048,0,1,0.099999905,0.599999905,2.050000191,1.25,2.799999952,3.349999905,3.200000048,2.150000095,3,3.099999905,3.599999905,4.050000191,3.25
25-4022.00,Librarians and Media Collections Specialists,0.864756581,3.110598633,1,1.75,1.400000095,0,1.450000048,0.549999952,0,0,0,4,3.75,3.400000095,2.200000048,3.450000048,3.549999952,0.850000024,1.75,1.299999952
47-2121.00,Glaziers,0.864744705,3.110871782,0,0.200000048,0.25,0,0.200000048,0,0.75,2,1.75,2.5,2.200000048,2.25,2,2.200000048,2.950000048,3.75,4,3.75
19-5012.00,Occupational Health and Safety Technicians,0.864489042,3.116752024,0.150000095,1.349999905,1.099999905,0,1.299999952,0.450000048,0,0.299999952,1.099999905,3.150000095,3.349999905,3.099999905,1.799999952,3.299999952,3.450000048,3,2.299999952,3.099999905
49-3053.00,Outdoor Power Equipment and Other Small Engine Mechanics,0.864457519,3.117477067,0,0.150000095,0.799999952,0,0.650000095,0.099999905,0.25,1.900000095,1.099999905,2.5,2.150000095,2.799999952,1.200000048,2.650000095,3.099999905,3.25,3.900000095,3.099999905
49-9064.00,Watch and Clock Repairers,0.864435564,3.117982017,0,0,0.700000048,0,1,0.25,0.849999905,2.25,0.75,2.25,2,2.700000048,2,3,3.25,3.849999905,4.25,2.75
47-4031.00,Fence Erectors,0.864143612,3.124696913,0,0.099999905,0.450000048,0,0.299999952,0,0.5,1.75,1.75,2.450000048,2.099999905,2.450000048,1.049999952,2.299999952,2.950000048,3.5,3.75,3.75
41-1011.00,First-Line Supervisors of Retail Sales Workers,0.864060012,3.126619726,0.25,1.799999952,1.75,0,1.200000048,0.5,0,0.049999952,0,3.25,3.799999952,3.75,2,3.200000048,3.5,2.5,2.049999952,1.350000024
29-2031.00,Cardiovascular Technologists and Technicians,0.863406339,3.141654194,0,1.049999952,0.5,0,0.950000048,0.25,0.400000095,1.5,0.950000048,3,3.049999952,2.5,1.25,2.950000048,3.25,3.400000095,3.5,2.950000048
47-2022.00,Stonemasons,0.863381947,3.142215226,0,0,0.450000048,0,0,0,0.799999952,2,1.599999905,1,1.649999976,2.450000048,1.600000024,2,2.799999952,3.799999952,4,3.599999905
17-2121.00,Marine Engineers and Naval Architects,0.86312282,3.148175147,0.5,1,1.099999905,0,1.5,0.550000191,0,0,0,3.5,3,3.099999905,2.25,3.5,3.550000191,2.799999952,0.300000012,1.25
17-2072.00,"Electronics Engineers, Except Computer",0.862813141,3.155297759,0.25,0.950000048,1,0,1.75,0.849999905,0,0,0,3.25,2.950000048,3,2.650000095,3.75,3.849999905,2.599999905,0.800000012,0.75
47-2152.04,Solar Thermal Installers and Technicians,0.862267939,3.167837406,0,0,0.650000095,0,0.900000095,0.400000095,0.5,1.799999952,1.650000095,2.049999952,1.25,2.650000095,2,2.900000095,3.400000095,3.5,3.799999952,3.650000095
47-4091.00,Segmental Pavers,0.862216904,3.169011217,0,0.150000095,0.349999905,0,0.200000048,0,0.650000095,1.75,1.700000048,2.400000095,2.150000095,2.349999905,2,2.200000048,2.950000048,3.650000095,3.75,3.700000048
47-1011.03,Solar Energy Installation Managers,0.861926969,3.175679702,0.25,1.400000095,1.5,0,1.799999952,0.5,0,0,0.099999905,3.25,3.400000095,3.5,2,3.799999952,3.5,3,1.350000024,2.099999905
47-4071.00,Septic Tank Servicers and Sewer Pipe Cleaners,0.861756258,3.179606073,0,0,0.5,0,0.099999905,0,0.099999905,1.849999905,1.75,2,1.900000095,2.5,1.049999952,2.099999905,2.400000095,3.099999905,3.849999905,3.75
49-2021.00,"Radio, Cellular, and Tower Equipment Installers and Repairers",0.861429992,3.187110173,0,0,0.5,0,0.599999905,0.25,0.349999905,1.849999905,1.75,2,1.299999952,2.5,1.25,2.599999905,3.25,3.349999905,3.849999905,3.75
27-2023.00,"Umpires, Referees, and Other Sports Officials",0.861372137,3.188440852,0.099999905,2,1.849999905,0,1.200000048,0.700000048,1.449999809,0,0.049999952,3.099999905,4,3.849999905,0.850000024,3.200000048,3.700000048,4.449999809,0.550000012,2.049999952
19-2099.01,Remote Sensing Scientists and Technologists,0.861247947,3.191297223,0,0.25,1.349999905,0,1.599999905,1.099999905,0.849999905,0,0,3,2.25,3.349999905,2.5,3.599999905,4.099999905,3.849999905,1.299999952,1.850000024
27-2031.00,Dancers,0.861051329,3.195819444,0,2,0.950000048,0.950000048,1.299999952,0.700000048,0.700000048,0,2,2.450000048,4,2.950000048,3.950000048,3.299999952,3.700000048,3.700000048,1.799999952,4
53-1043.00,First-Line Supervisors of Material-Moving Machine and Vehicle Operators,0.860493695,3.20864502,0,1.25,1.349999905,0,1.25,0.599999905,0,0.049999952,1.099999905,3,3.25,3.349999905,2,3.25,3.599999905,3,2.049999952,3.099999905
27-4031.00,"Camera Operators, Television, Video, and Film",0.860306147,3.21295862,0,1.049999952,0.849999905,0,1,0.400000095,1.150000095,1.200000048,1,3,3.049999952,2.849999905,2.5,3,3.400000095,4.150000095,3.200000048,3
49-9099.01,Geothermal Technicians,0.860182662,3.215798771,0,0,0.549999952,0,0.599999905,0.299999952,0.25,1.900000095,1.5,2.099999905,1.450000048,2.549999952,1.25,2.599999905,3.299999952,3.25,3.900000095,3.5
27-4011.00,Audio and Video Technicians,0.859754261,3.22565199,0,1,1.200000048,0,1.049999952,0.400000095,0.450000048,1.299999952,1,3,3,3.200000048,2.299999952,3.049999952,3.400000095,3.450000048,3.299999952,3
13-2099.01,Financial Quantitative Analysts,0.859718711,3.226469654,0.450000048,0.599999905,1.25,0,1.900000095,0.599999905,0,0,0,3.450000048,2.599999905,3.25,2.700000048,3.900000095,3.599999905,0,0,0
11-3051.03,Biofuels Production Managers,0.8592041,3.238305691,0.049999952,1.25,1.400000095,0,1.700000048,0.700000048,0,0,0,3.049999952,3.25,3.400000095,2,3.700000048,3.700000048,1.799999952,1.649999976,1.799999952
41-3021.00,Insurance Sales Agents,0.85873168,3.249171365,0.950000048,2,1.099999905,0,1.25,0.299999952,0,0,0,3.950000048,4,3.099999905,2.099999905,3.25,3.299999952,2.25,0,0.100000001
19-1012.00,Food Scientists and Technologists,0.858086045,3.264020966,0.349999905,0.75,1.200000048,0,1.200000048,1.099999905,0,0,0,3.349999905,2.75,3.200000048,2.75,3.200000048,4.099999905,2.650000095,1.850000024,1.049999952
51-7011.00,Cabinetmakers and Bench Carpenters,0.857943233,3.267305636,0,0,0.450000048,0,0.450000048,0,0.900000095,2,1,2,0.949999988,2.450000048,2,2.450000048,2.950000048,3.900000095,4,3
47-2021.00,Brickmasons and Blockmasons,0.857413515,3.279489164,0,0,0.450000048,0,0.150000095,0,0.849999905,2,1.5,1.700000048,1.200000048,2.450000048,1.25,2.150000095,2.700000048,3.849999905,4,3.5
51-4061.00,"Model Makers, Metal and Plastic",0.857185082,3.284743122,0,0,0.549999952,0,1,0.400000095,0.900000095,2,1,2.400000095,2,2.549999952,2,3,3.400000095,3.900000095,4,3
51-4111.00,Tool and Die Makers,0.857116968,3.286309739,0,0,0.650000095,0,0.900000095,0.299999952,1,2,1,2,0.600000024,2.650000095,2,2.900000095,3.299999952,4,4,3
49-9063.00,Musical Instrument Repairers and Tuners,0.856948991,3.290173209,0,0,0.599999905,0,0.450000048,0.25,0.400000095,2,1.099999905,0.75,0.949999988,2.599999905,1.850000024,2.450000048,3.25,3.400000095,4,3.099999905
47-5022.00,"Excavating and Loading Machine and Dragline Operators, Surface Mining",0.856801468,3.293566232,0,0.25,0,0,0.25,0.049999952,0.650000095,1.200000048,1.5,2,2.25,2,1,2.25,3.049999952,3.650000095,3.200000048,3.5
13-1161.00,Market Research Analysts and Marketing Specialists,0.85677144,3.294256875,1,1.099999905,1.349999905,0,1.549999952,0.099999905,0,0,0,4,3.099999905,3.349999905,2.450000048,3.549999952,3.099999905,0.449999988,0,0
49-3021.00,Automotive Body and Related Repairers,0.856744184,3.294883768,0,0.049999952,0.700000048,0,0.599999905,0.299999952,1,2,1.299999952,2.450000048,2.049999952,2.700000048,2,2.599999905,3.299999952,4,4,3.299999952
45-4022.00,Logging Equipment Operators,0.856276784,3.305633976,0,0,0,0,0.200000048,0,1,1.099999905,1.900000095,1.600000024,0.75,1.899999976,0.600000024,2.200000048,1.899999976,4,3.099999905,3.900000095
21-1093.00,Social and Human Service Assistants,0.856008526,3.311803906,0.400000095,1.75,1.5,0,1,0.400000095,0,0,0,3.400000095,3.75,3.5,1.899999976,3,3.400000095,0.950000048,0.699999988,0.850000024
47-2181.00,Roofers,0.855734484,3.318106861,0,0,0.25,0,0.25,0,0.75,2,1.700000048,1.649999976,1.75,2.25,1.200000048,2.25,3,3.75,4,3.700000048
45-2011.00,Agricultural Inspectors,0.855232342,3.329656145,0.299999952,1,1.150000095,0,1.25,0.700000048,0.75,0.349999905,0.799999952,3.299999952,3,3.150000095,1.850000024,3.25,3.700000048,3.75,2.349999905,2.799999952
47-4011.00,Construction and Building Inspectors,0.855046916,3.333920938,0.099999905,1.099999905,1.049999952,0,1.25,0.599999905,1,0.25,0.849999905,3.099999905,3.099999905,3.049999952,1.600000024,3.25,3.599999905,4,2.25,2.849999905
47-4099.03,Weatherization Installers and Technicians,0.854842821,3.33861512,0,0.400000095,0.799999952,0,0.5,0.299999952,0.299999952,1.599999905,1.549999952,3,2.400000095,2.799999952,1.649999976,2.5,3.299999952,3.299999952,3.599999905,3.549999952
45-3031.00,Fishing and Hunting Workers,0.854751286,3.340720429,0,0.25,1.200000048,0,1.049999952,0.75,0.799999952,1.549999952,1.799999952,2.549999952,2.25,3.200000048,1.950000048,3.049999952,3.75,3.799999952,3.549999952,3.799999952
13-2011.00,Accountants and Auditors,0.854066141,3.356478755,1,1.349999905,1.200000048,0,1.549999952,0.5,0,0,0,4,3.349999905,3.200000048,2,3.549999952,3.5,0.050000001,0,0
13-1041.08,Customs Brokers,0.853935796,3.359476681,0.950000048,1.400000095,1.349999905,0,1.5,0.700000048,0,0,0,3.950000048,3.400000095,3.349999905,2,3.5,3.700000048,0.150000006,0,0
49-9062.00,Medical Equipment Repairers,0.853758392,3.36355699,0,0.5,0.799999952,0,1.049999952,0.5,0.349999905,1.849999905,1.049999952,3,2.5,2.799999952,1.549999952,3.049999952,3.5,3.349999905,3.849999905,3.049999952
17-2141.00,Mechanical Engineers,0.853574185,3.367793743,0.400000095,1.150000095,1.400000095,0,1.650000095,0.549999952,0,0,0,3.400000095,3.150000095,3.400000095,2.5,3.650000095,3.549999952,2.799999952,0.800000012,1.150000095
49-9011.00,Mechanical Door Repairers,0.853540796,3.368561686,0,0,0.549999952,0,0.599999905,0.150000095,0.299999952,2,1.450000048,2,1.299999952,2.549999952,1.549999952,2.599999905,3.150000095,3.299999952,4,3.450000048
53-7021.00,Crane and Tower Operators,0.853368086,3.372534014,0,0.450000048,0,0,0.200000048,0,0.950000048,1.400000095,1.450000048,2,2.450000048,2,0.5,2.200000048,2.099999905,3.950000048,3.400000095,3.450000048
17-2141.02,Automotive Engineers,0.8531589,3.377345302,0.25,1,1.200000048,0,1.700000048,0.549999952,0,0,0,3.25,3,3.200000048,2.650000095,3.700000048,3.549999952,2.299999952,0.850000024,1
39-6012.00,Concierges,0.852522491,3.391982712,0.900000095,2,1.950000048,0,1.25,0.299999952,0,0.099999905,0.5,3.900000095,4,3.950000048,2.200000048,3.25,3.299999952,1.100000024,2.099999905,2.5
45-2093.00,"Farmworkers, Farm, Ranch, and Aquacultural Animals",0.852472455,3.393133531,0,0,0.799999952,0,0.200000048,0.450000048,0.75,1.75,1.75,2,2,2.799999952,0.899999976,2.200000048,3.450000048,3.75,3.75,3.75
49-3043.00,Rail Car Repairers,0.852074115,3.402295348,0,0,0.549999952,0,0.400000095,0.200000048,0.599999905,2,1,2,0.75,2.549999952,1.450000048,2.400000095,3.200000048,3.599999905,4,3
13-1081.01,Logistics Engineers,0.851841788,3.40763888,0.450000048,0.75,1.599999905,0,1.450000048,0.349999905,0,0,0,3.450000048,2.75,3.599999905,2.299999952,3.450000048,3.349999905,0.349999994,0,0.200000003
47-2231.00,Solar Photovoltaic Installers,0.850329565,3.442419995,0,0,0.549999952,0,0.950000048,0.25,0.700000048,1.950000048,1.75,2.25,1.950000048,2.549999952,2,2.950000048,3.25,3.700000048,3.950000048,3.75
29-2032.00,Diagnostic Medical Sonographers,0.850302362,3.443045676,0,1.049999952,0.75,0,1.049999952,0.400000095,1,1.400000095,1.049999952,3,3.049999952,2.75,1.649999976,3.049999952,3.400000095,4,3.400000095,3.049999952
11-9179.01,Fitness and Wellness Coordinators,0.849982622,3.45039969,0.349999905,2,1.349999905,0,1.299999952,0.299999952,0,0,0,3.349999905,4,3.349999905,2.349999905,3.299999952,3.299999952,2.349999905,1.850000024,1.350000024
11-3051.04,Biomass Power Plant Managers,0.84987227,3.452937796,0,1.150000095,1.150000095,0,1.400000095,0.5,0,0.849999905,0.700000048,3,3.150000095,3.150000095,1.799999952,3.400000095,3.5,3,2.849999905,2.700000048
41-4012.00,"Sales Representatives, Wholesale and Manufacturing, Except Technical and Scientific Products",0.849513794,3.461182728,0.900000095,2,1.349999905,0,1.25,0.5,0,0,0,3.900000095,4,3.349999905,2,3.25,3.5,1.950000048,1.450000048,1.049999952
47-2051.00,Cement Masons and Concrete Finishers,0.849000264,3.472993938,0,0.25,0.25,0,0.099999905,0,0.650000095,1.950000048,1.75,1.850000024,2.25,2.25,1.149999976,2.099999905,2.900000095,3.650000095,3.950000048,3.75
15-1241.00,Computer Network Architects,0.848868315,3.476028766,0.5,0.700000048,1.450000048,0,1.5,0.650000095,0,0,0,3.5,2.700000048,3.450000048,2.25,3.5,3.650000095,0.300000012,0.150000006,0.300000012
51-9195.05,"Potters, Manufacturing",0.848495097,3.484612776,0,1.099999905,0.549999952,0,0.599999905,0.400000095,0.599999905,2.050000191,1.049999952,2.5,3.099999905,2.549999952,2.549999952,2.599999905,3.400000095,3.599999905,4.050000191,3.049999952
13-2071.00,Credit Counselors,0.848470926,3.485168699,0.900000095,1.950000048,1.150000095,0,1.349999905,0.099999905,0,0,0,3.900000095,3.950000048,3.150000095,2,3.349999905,3.099999905,0,0,0
51-9082.00,Medical Appliance Technicians,0.848038789,3.495107851,0,0.75,0.650000095,0,0.549999952,0.099999905,0.700000048,1.900000095,1.049999952,2.450000048,2.75,2.650000095,2,2.549999952,3.099999905,3.700000048,3.900000095,3.049999952
51-4041.00,Machinists,0.847791214,3.500802084,0,0,0.650000095,0,1,0.549999952,0.799999952,2,1,2.5,2,2.650000095,2,3,3.549999952,3.799999952,4,3
33-9099.02,Retail Loss Prevention Specialists,0.84655202,3.529303537,0.549999952,1.700000048,1.700000048,0,1.5,0.5,0.299999952,0,0,3.549999952,3.700000048,3.700000048,2,3.5,3.5,3.299999952,0.349999994,1.25
13-1071.00,Human Resources Specialists,0.846413279,3.532494592,1,2,1.450000048,0,1.25,0.150000095,0,0,0,4,4,3.450000048,2,3.25,3.150000095,0.150000006,0,0
47-5023.00,"Earth Drillers, Except Oil and Gas",0.846282158,3.53551037,0,0,0.5,0,0.349999905,0.25,0.150000095,1.549999952,1.799999952,1.649999976,1.299999952,2.5,1,2.349999905,3.25,3.150000095,3.549999952,3.799999952
49-9094.00,Locksmiths and Safe Repairers,0.84594905,3.543171858,0,0,1,0,0.950000048,0.150000095,0.700000048,2,1.450000048,1.850000024,1.799999952,3,1.899999976,2.950000048,3.150000095,3.700000048,4,3.450000048
11-9179.02,Spa Managers,0.845531919,3.552765859,0.099999905,1.700000048,1.450000048,0,1.349999905,0.150000095,0,0,0,3.099999905,3.700000048,3.450000048,2,3.349999905,3.150000095,1.299999952,0.050000001,0.100000001
47-2061.00,Construction Laborers,0.844748329,3.570788429,0,0.700000048,0.200000048,0,0.25,0.25,0.799999952,1.799999952,1.75,2,2.700000048,2.200000048,0.949999988,2.25,3.25,3.799999952,3.799999952,3.75
51-9195.04,"Glass Blowers, Molders, Benders, and Finishers",0.844635112,3.573392424,0,0,0.25,0,0.349999905,0,0.950000048,2.25,1.25,1.700000048,0.699999988,2.25,2.75,2.349999905,2.75,3.950000048,4.25,3.25
53-2022.00,Airfield Operations Specialists,0.844347159,3.580015341,0.450000048,1.25,1.549999952,0,1.5,0.950000048,0,0,0,3.450000048,3.25,3.549999952,1.450000048,3.5,3.950000048,2.799999952,0.850000024,1.799999952
19-2031.00,Chemists,0.843985011,3.588344747,0.25,0.700000048,1.150000095,0,1.25,1.099999905,0,0.900000095,0.349999905,3.25,2.700000048,3.150000095,2.450000048,3.25,4.099999905,2.700000048,2.900000095,2.349999905
11-9051.00,Food Service Managers,0.843870958,3.590967972,0.099999905,2,1.75,0,1.299999952,0.599999905,0,0,0,3.099999905,4,3.75,2,3.299999952,3.599999905,2.799999952,1.200000048,1.399999976
25-9042.00,"Teaching Assistants, Preschool, Elementary, Middle, and Secondary School, Except Special Education",0.843863919,3.591129857,0.849999905,2,1.450000048,0,0.75,0.5,0.5,0.349999905,1.25,3.849999905,4,3.450000048,2,2.75,3.5,3.5,2.349999905,3.25
13-1161.01,Search Marketing Strategists,0.843594835,3.597318789,1,1.049999952,1.349999905,0,1.450000048,0.5,0,0,0,4,3.049999952,3.349999905,2.700000048,3.450000048,3.5,0.050000001,0,0
17-2071.00,Electrical Engineers,0.843004058,3.610906672,0.299999952,0.950000048,1.299999952,0,1.799999952,0.900000095,0,0,0,3.299999952,2.950000048,3.299999952,2.599999905,3.799999952,3.900000095,2.650000095,0.5,0.649999976
25-3041.00,Tutors,0.842367567,3.625545964,1.050000191,2,1.200000048,0,1.450000048,0.200000048,0,0,0,4.050000191,4,3.200000048,2.25,3.450000048,3.200000048,0.349999994,0.050000001,0.200000003
49-2091.00,Avionics Technicians,0.84180517,3.638481079,0,0.400000095,0.849999905,0,1,0.549999952,0.400000095,1.849999905,1.150000095,2.75,2.400000095,2.849999905,2,3,3.549999952,3.400000095,3.849999905,3.150000095
49-3051.00,Motorboat Mechanics and Service Technicians,0.841133724,3.653924356,0,0,0.549999952,0,0.700000048,0.450000048,0.400000095,1.900000095,1.599999905,2,0.800000012,2.549999952,1.299999952,2.700000048,3.450000048,3.400000095,3.900000095,3.599999905
47-4041.00,Hazardous Materials Removal Workers,0.841107395,3.65452991,0,0,0.75,0,0.849999905,0.349999905,0.400000095,1.700000048,1.650000095,2,1.850000024,2.75,1.200000048,2.849999905,3.349999905,3.400000095,3.700000048,3.650000095
41-3011.00,Advertising Sales Agents,0.84030513,3.67298202,1.050000191,2,1.450000048,0,1.25,0.299999952,0,0,0,4.050000191,4,3.450000048,2.400000095,3.25,3.299999952,0.5,0,0
35-2013.00,"Cooks, Private Household",0.839190779,3.698612084,0,1.299999952,1.299999952,0,0.75,0.75,0.75,1.799999952,1.75,2.799999952,3.299999952,3.299999952,2.599999905,2.75,3.75,3.75,3.799999952,3.75
49-2094.00,"Electrical and Electronics Repairers, Commercial and Industrial Equipment",0.839053158,3.701777369,0,0.299999952,0.950000048,0,1,0.5,0.299999952,1.599999905,1.200000048,2.900000095,2.299999952,2.950000048,2,3,3.5,3.299999952,3.599999905,3.200000048
43-5031.00,Public Safety Telecommunicators,0.839001088,3.702974965,1,1.75,1.5,0,1.450000048,0.150000095,0,0,0,4,3.75,3.5,1.25,3.450000048,3.150000095,1.799999952,0.25,0.600000024
27-2042.00,Musicians and Singers,0.838927213,3.704674109,0.049999952,2,0.900000095,1.099999905,1.299999952,0.700000048,0,1.550000191,0.049999952,3.049999952,4,2.900000095,4.099999905,3.299999952,3.700000048,2.049999952,3.550000191,2.049999952
17-2199.06,Microsystems Engineers,0.838495948,3.7145932,0.450000048,0.599999905,1.450000048,0,1.799999952,1.050000191,0,0,0,3.450000048,2.599999905,3.450000048,2.75,3.799999952,4.050000191,2.450000048,1.649999976,0.899999976
39-9032.00,Recreation Workers,0.837729855,3.732213326,0.25,2,1.5,0,1.200000048,0.599999905,0,0.25,1.25,3.25,4,3.5,2.700000048,3.200000048,3.599999905,2.950000048,2.25,3.25
39-1013.00,First-Line Supervisors of Gambling Services Workers,0.837318834,3.741666821,0,2,1.75,0,1.25,0.549999952,0.549999952,0,0.75,3,4,3.75,1.75,3.25,3.549999952,3.549999952,1.850000024,2.75
19-4071.00,Forest and Conservation Technicians,0.836814667,3.753262649,0,0.75,0.950000048,0,1.049999952,0.599999905,0.700000048,1.049999952,1.400000095,3,2.75,2.950000048,2,3.049999952,3.599999905,3.700000048,3.049999952,3.400000095
49-3092.00,Recreational Vehicle Service Technicians,0.836540463,3.759569349,0,0.049999952,1.150000095,0,1,0.549999952,0.5,1.75,1.349999905,2.75,2.049999952,3.150000095,1.950000048,3,3.549999952,3.5,3.75,3.349999905
17-2112.03,Manufacturing Engineers,0.836407884,3.762618675,0.25,0.900000095,1.650000095,0,1.549999952,0.75,0,0.099999905,0.099999905,3.25,2.900000095,3.650000095,2.549999952,3.549999952,3.75,2.849999905,2.099999905,2.099999905
15-1212.00,Information Security Analysts,0.836193134,3.76755791,0.449999809,1.049999952,1.900000095,0,1.799999952,0.799999952,0,0,0,3.449999809,3.049999952,3.900000095,2.299999952,3.799999952,3.799999952,0.5,0,0.300000012
29-1292.00,Dental Hygienists,0.836141108,3.76875451,0,1,0.849999905,0,0.950000048,0.400000095,0.799999952,1.900000095,1.349999905,3,3,2.849999905,1.399999976,2.950000048,3.400000095,3.799999952,3.900000095,3.349999905
49-3052.00,Motorcycle Mechanics,0.836049459,3.770862438,0,0,1,0,0.950000048,0.400000095,0.549999952,1.950000048,1.25,2.450000048,2,3,1.299999952,2.950000048,3.400000095,3.549999952,3.950000048,3.25
13-1041.07,Regulatory Affairs Specialists,0.834742991,3.800911196,1,0.75,1.150000095,0,1.75,0.950000048,0,0,0,4,2.75,3.150000095,2,3.75,3.950000048,0.200000003,0,0
13-1199.05,Sustainability Specialists,0.834510079,3.80626818,1,1.049999952,1.699999809,0,1.700000048,0.599999905,0,0,0,4,3.049999952,3.699999809,2.5,3.700000048,3.599999905,0.200000003,0,0
29-1299.02,Orthoptists,0.834330889,3.81038956,0.75,1.650000095,1,0,1.25,0.850000143,1,0.349999905,0,3.75,3.650000095,3,2,3.25,3.850000143,4,2.349999905,1.049999952
39-9031.00,Exercise Trainers and Group Fitness Instructors,0.833992648,3.8181691,0.099999905,2,1.400000095,0,1.049999952,0.75,0.75,1.25,1.5,3.099999905,4,3.400000095,2.150000095,3.049999952,3.75,3.75,3.25,3.5
31-9011.00,Massage Therapists,0.833158101,3.83736368,0,1.599999905,1,0,1,0.5,0,2.449999809,1.950000048,3,3.599999905,3,2,3,3.5,2.099999905,4.449999809,3.950000048
13-1141.00,"Compensation, Benefits, and Job Analysis Specialists",0.832321199,3.856612426,1,1.849999905,1.599999905,0,1.5,0.75,0,0,0,4,3.849999905,3.599999905,2,3.5,3.75,0,0,0
29-2055.00,Surgical Technologists,0.830995905,3.887094188,0,1.200000048,0.599999905,0,0.650000095,0.200000048,0.950000048,2.25,1.549999952,2.25,3.200000048,2.599999905,1,2.650000095,3.200000048,3.950000048,4.25,3.549999952
15-2041.00,Statisticians,0.830466126,3.89927911,1,0.75,1.400000095,0,2,1.150000095,0,0,0,4,2.75,3.400000095,2.549999952,4,4.150000095,0.349999994,0,0
29-1291.00,Acupuncturists,0.830300562,3.903087065,0,1.25,1,0,1.049999952,0.75,0.400000095,1.799999952,1.400000095,3,3.25,3,2.049999952,3.049999952,3.75,3.400000095,3.799999952,3.400000095
27-3043.00,Writers and Authors,0.830195901,3.905494277,1.5,1.25,1.150000095,1,1.5,0,0,0,0,4.5,3.25,3.150000095,4,3.5,3,0,0,0
17-3024.00,Electro-Mechanical and Mechatronics Technologists and Technicians,0.830100845,3.907680565,0,0.599999905,0.75,0,1,0.5,0.349999905,1.700000048,1.200000048,3,2.599999905,2.75,2.049999952,3,3.5,3.349999905,3.700000048,3.200000048
51-8011.00,Nuclear Power Reactor Operators,0.829635211,3.918390157,0,1,1.599999905,0,1.75,0.849999905,0,0.150000095,1,3,3,3.599999905,1.799999952,3.75,3.849999905,2.75,2.150000095,3
41-9022.00,Real Estate Sales Agents,0.82941043,3.923560118,1,2,1.700000048,0,1.25,0.450000048,0,0,0,4,4,3.700000048,2.049999952,3.25,3.450000048,2.849999905,0,0.400000006
47-5041.00,Continuous Mining Machine Operators,0.829348006,3.924995851,0,0.150000095,0.5,0,0.200000048,0.25,0.700000048,1.599999905,1.950000048,1.299999952,2.150000095,2.5,1,2.200000048,3.25,3.700000048,3.599999905,3.950000048
11-9171.00,Funeral Home Managers,0.828893477,3.935450032,1,2.099999905,1.75,0,1.25,0.349999905,0,0,0,4,4.099999905,3.75,2,3.25,3.349999905,0.150000006,0,0.050000001
47-2211.00,Sheet Metal Workers,0.828724947,3.939326216,0,0.549999952,0.650000095,0,0.700000048,0.5,0.75,2,1.75,2.5,2.549999952,2.650000095,1.950000048,2.700000048,3.5,3.75,4,3.75
53-3032.00,Heavy and Tractor-Trailer Truck Drivers,0.82823264,3.950649281,0,0.25,0.25,0,0,0,1.150000095,1.299999952,2.150000095,2.099999905,2.25,2.25,1,2,2.849999905,4.150000095,3.299999952,4.150000095
29-1128.00,Exercise Physiologists,0.827944813,3.9572693,0.650000095,1.650000095,1.099999905,0,1.299999952,0.700000048,0,0.299999952,0,3.650000095,3.650000095,3.099999905,2.049999952,3.299999952,3.700000048,2.349999905,2.299999952,1.049999952
41-4011.00,"Sales Representatives, Wholesale and Manufacturing, Technical and Scientific Products",0.827595597,3.96530128,1,2,1.150000095,0,1.25,0.400000095,0,0,0,4,4,3.150000095,2.099999905,3.25,3.400000095,1,0.450000018,0.400000006
39-1022.00,First-Line Supervisors of Personal Service Workers,0.826093383,3.999852198,0.5,2,1.799999952,0,1.349999905,0.549999952,0,0,0,3.5,4,3.799999952,2,3.349999905,3.549999952,2.5,0,0.300000012
39-9041.00,Residential Advisors,0.825982391,4.002405003,0.400000095,2,1.799999952,0,1.25,0.700000048,0,0,0.450000048,3.400000095,4,3.799999952,2,3.25,3.700000048,2.700000048,1.399999976,2.450000048
49-3031.00,Bus and Truck Mechanics and Diesel Engine Specialists,0.825403171,4.015727067,0,0,0.599999905,0,0.950000048,0.349999905,0.400000095,2,1.5,1.850000024,1.100000024,2.599999905,1.25,2.950000048,3.349999905,3.400000095,4,3.5
17-2199.03,"Energy Engineers, Except Wind and Solar",0.824758336,4.030558273,0.700000048,1.150000095,1.5,0,1.700000048,0.650000095,0,0,0,3.700000048,3.150000095,3.5,2.200000048,3.700000048,3.650000095,2.450000048,0.25,0.600000024
15-1211.00,Computer Systems Analysts,0.824631504,4.033475413,0.900000095,1.299999952,1.549999952,0,2.050000191,0.5,0,0,0,3.900000095,3.299999952,3.549999952,2.400000095,4.050000191,3.5,0.200000003,0,0
11-3012.00,Administrative Services Managers,0.823275373,4.064666428,0.700000048,1.75,1.75,0,2,0.549999952,0,0,0,3.700000048,3.75,3.75,2,4,3.549999952,1.399999976,0,0.400000006
47-2152.00,"Plumbers, Pipefitters, and Steamfitters",0.823097007,4.06876883,0,0,0.849999905,0,1,0.549999952,0.5,2,1.75,2.5,2,2.849999905,2,3,3.549999952,3.5,4,3.75
27-3091.00,Interpreters and Translators,0.823024427,4.070438186,1.75,1.799999952,1.650000095,0,1.700000048,0.599999905,0,0,0,4.75,3.799999952,3.650000095,2.849999905,3.700000048,3.599999905,1.800000072,0,0.300000012
13-1023.00,"Purchasing Agents, Except Wholesale, Retail, and Farm Products",0.822956145,4.072008657,0.849999905,1.950000048,1.449999809,0,1.400000095,0.200000048,0,0,0,3.849999905,3.950000048,3.449999809,2,3.400000095,3.200000048,0.300000012,0,0
27-3011.00,Broadcast Announcers and Radio Disc Jockeys,0.822840608,4.074666011,1.5,2,1.450000048,0.650000095,1.099999905,0.349999905,0,0,0,4.5,4,3.450000048,3.650000095,3.099999905,3.349999905,1.399999976,0.449999988,0.400000006
19-1031.00,Conservation Scientists,0.822139753,4.09078569,0.849999905,1.400000095,1.849999905,0,1.400000095,0.949999809,0.099999905,0,0.200000048,3.849999905,3.400000095,3.849999905,2.150000095,3.400000095,3.949999809,3.099999905,1.600000024,2.200000048
47-2073.00,Operating Engineers and Other Construction Equipment Operators,0.822020608,4.093526016,0,0.650000095,0.299999952,0,0.400000095,0.349999905,1.199999809,1.650000095,1.950000048,2.5,2.650000095,2.299999952,1,2.400000095,3.349999905,4.199999809,3.650000095,3.950000048
11-9141.00,"Property, Real Estate, and Community Association Managers",0.821779529,4.099070834,1,2,1.950000048,0,1.75,0.650000095,0,0.150000095,0,4,4,3.950000048,2.200000048,3.75,3.650000095,2.700000048,2.150000095,1.75
47-5032.00,"Explosives Workers, Ordnance Handling Experts, and Blasters",0.821280178,4.110555909,0,0,0.549999952,0,0.900000095,0.349999905,0.299999952,1.700000048,1.650000095,2,2,2.549999952,1.299999952,2.900000095,3.349999905,3.299999952,3.700000048,3.650000095
11-3051.06,Hydroelectric Production Managers,0.82126578,4.110887061,0.450000048,1.25,1.650000095,0,1.950000048,0.650000095,0,0,0,3.450000048,3.25,3.650000095,2,3.950000048,3.650000095,3,0.949999988,1.450000048
35-3011.00,Bartenders,0.821028863,4.11633615,0.25,2,1.599999905,0,0.849999905,0.5,0.450000048,1.400000095,1.599999905,3.25,4,3.599999905,2,2.849999905,3.5,3.450000048,3.400000095,3.599999905
39-5091.00,"Makeup Artists, Theatrical and Performance",0.820944884,4.118267672,0,1.450000048,1.049999952,0.549999952,1.099999905,0.450000048,1,1.900000095,1.399999857,3,3.450000048,3.049999952,3.549999952,3.099999905,3.450000048,4,3.900000095,3.399999857
41-3031.00,"Securities, Commodities, and Financial Services Sales Agents",0.820832908,4.120843106,0.950000048,2,1.25,0,1.5,0.900000095,0,0,0,3.950000048,4,3.25,2.25,3.5,3.900000095,0.25,0,0
25-3011.00,"Adult Basic Education, Adult Secondary Education, and English as a Second Language Instructors",0.820528591,4.127842397,1.099999905,2,1.549999952,0,1.450000048,0.700000048,0,0,0,4.099999905,4,3.549999952,2.650000095,3.450000048,3.700000048,0.400000006,0,0
17-2051.01,Transportation Engineers,0.820474779,4.12908009,0.700000048,1.400000095,1.449999809,0,1.549999952,0.699999809,0,0,0,3.700000048,3.400000095,3.449999809,2.200000048,3.549999952,3.699999809,2.799999952,0.300000012,1.100000024
13-1031.00,"Claims Adjusters, Examiners, and Investigators",0.819783392,4.144981995,1,1.799999952,1.700000048,0,1.549999952,0.400000095,0,0,0,4,3.799999952,3.700000048,1.950000048,3.549999952,3.400000095,2.299999952,0,0
11-3013.00,Facilities Managers,0.819759278,4.145536604,0.650000095,1.5,1.849999905,0,2,0.75,0,0,0,3.650000095,3.5,3.849999905,2,4,3.75,1.899999976,0.100000001,0.5
39-4031.00,"Morticians, Undertakers, and Funeral Arrangers",0.819405918,4.153663875,0.799999952,2.199999809,1.400000095,0,1.400000095,0.25,0,0.5,0.650000095,3.799999952,4.199999809,3.400000095,2.400000095,3.400000095,3.25,2.200000048,2.5,2.650000095
11-3051.02,Geothermal Production Managers,0.818934294,4.164511239,0.299999952,1.25,1.549999952,0,1.75,0.799999952,0,0.5,0.099999905,3.299999952,3.25,3.549999952,2,3.75,3.799999952,3,2.5,2.099999905
47-5011.00,"Derrick Operators, Oil and Gas",0.818931058,4.164585665,0,0.700000048,0.450000048,0,0.599999905,0.200000048,0.349999905,1.75,1.75,2.25,2.700000048,2.450000048,1,2.599999905,3.200000048,3.349999905,3.75,3.75
15-2031.00,Operations Research Analysts,0.818163102,4.182248657,0.75,1.049999952,1.549999952,0,1.900000095,0.599999905,0,0,0,3.75,3.049999952,3.549999952,2.349999905,3.900000095,3.599999905,0,0,0
39-4011.00,Embalmers,0.817785822,4.190926089,0.049999952,1.75,1,0,1.099999905,0.450000048,0.75,2.050000191,1.450000048,3.049999952,3.75,3,2,3.099999905,3.450000048,3.75,4.050000191,3.450000048
17-2199.07,Photonics Engineers,0.817222543,4.2038815,0.599999905,0.599999905,1.75,0,1.75,1.199999809,0,0.700000048,0,3.599999905,2.599999905,3.75,2.950000048,3.75,4.199999809,2.799999952,2.700000048,1.799999952
41-1012.00,First-Line Supervisors of Non-Retail Sales Workers,0.8166981,4.215943704,0.5,2,1.650000095,0,1.349999905,0.450000048,0,0,0,3.5,4,3.650000095,2,3.349999905,3.450000048,1.299999952,0.200000003,0.200000003
17-3024.01,Robotics Technicians,0.81560259,4.241140441,0,0.349999905,0.849999905,0,1,0.549999952,0.150000095,1.900000095,1.25,2.5,2.349999905,2.849999905,2,3,3.549999952,3.150000095,3.900000095,3.25
11-9121.01,Clinical Research Coordinators,0.815542682,4.242518303,1,1.75,1.150000095,0,1.599999905,0.849999905,0,0,0,4,3.75,3.150000095,2,3.599999905,3.849999905,0.25,0.649999976,0.150000006
49-9031.00,Home Appliance Repairers,0.813982139,4.2784108,0,0.299999952,1.099999905,0,1.049999952,0.599999905,0.5,1.950000048,1.75,3,2.299999952,3.099999905,1.649999976,3.049999952,3.599999905,3.5,3.950000048,3.75
19-2021.00,Atmospheric and Space Scientists,0.813800744,4.282582896,0.75,0.650000095,1.450000048,0,1.900000095,1.300000191,0,0,0,3.75,2.650000095,3.450000048,2.400000095,3.900000095,4.300000191,2.450000048,1.5,1.5
49-9021.00,"Heating, Air Conditioning, and Refrigeration Mechanics and Installers",0.813079085,4.299181045,0,0.25,0.950000048,0,1,0.5,0.299999952,1.950000048,1.75,2.25,2.25,2.950000048,1.600000024,3,3.5,3.299999952,3.950000048,3.75
25-4013.00,Museum Technicians and Conservators,0.813019368,4.300554527,0.150000095,1.200000048,1.450000048,0,1.450000048,1.050000191,1,1.950000048,1.099999905,3.150000095,3.200000048,3.450000048,2.299999952,3.450000048,4.050000191,4,3.950000048,3.099999905
47-2031.00,Carpenters,0.812375952,4.315353102,0,0.200000048,0.5,0,0.900000095,0.5,0.75,2,1.75,2.5,2.200000048,2.5,1.950000048,2.900000095,3.5,3.75,4,3.75
17-2051.00,Civil Engineers,0.812248406,4.318286664,0.700000048,1,1.699999809,0,1.950000048,0.950000048,0.25,0,0,3.700000048,3,3.699999809,2.349999905,3.950000048,3.950000048,3.25,0.850000024,1.600000024
49-9096.00,Riggers,0.810141328,4.366749446,0,0.849999905,0.799999952,0,1.200000048,0.700000048,1,2,1.849999905,2,2.849999905,2.799999952,2,3.200000048,3.700000048,4,4,3.849999905
11-9071.00,Gambling Managers,0.809689987,4.377130305,0.299999952,2,1.950000048,0,1.5,0.349999905,0.200000048,0,0,3.299999952,4,3.950000048,2,3.5,3.349999905,3.200000048,0.200000003,0.700000048
39-9011.00,Childcare Workers,0.80945443,4.382548102,0.349999905,2.150000095,1.700000048,0,1.049999952,0.75,0.849999905,2.199999809,2.5,3.349999905,4.150000095,3.700000048,2,3.049999952,3.75,3.849999905,4.199999809,4.5
39-5012.00,"Hairdressers, Hairstylists, and Cosmetologists",0.809309914,4.385871987,0,1.75,1.150000095,0,0.700000048,0.5,0.799999952,2.150000095,1.599999905,3,3.75,3.150000095,2.849999905,2.700000048,3.5,3.799999952,4.150000095,3.599999905
49-1011.00,"First-Line Supervisors of Mechanics, Installers, and Repairers",0.80922708,4.387777171,0.650000095,2,1.75,0,1.950000048,0.75,0,0,0,3.650000095,4,3.75,2,3.950000048,3.75,2.799999952,0.5,1.25
27-1012.00,Craft Artists,0.809087917,4.39097792,0,1,0.849999905,0.950000048,1,0.049999952,0.75,2.199999809,1.099999905,3,3,2.849999905,3.950000048,3,3.049999952,3.75,4.199999809,3.099999905
47-4021.00,Elevator and Escalator Installers and Repairers,0.808698512,4.399934225,0,0,0.75,0,1,0.599999905,1,2,1.549999952,2.349999905,1.25,2.75,1.200000048,3,3.599999905,4,4,3.549999952
33-2022.00,Forest Fire Inspectors and Prevention Specialists,0.808584194,4.402563531,0,1.049999952,1.099999905,0,1.200000048,0.700000048,1,1.25,1.75,3,3.049999952,3.099999905,1.700000048,3.200000048,3.700000048,4,3.25,3.75
19-1022.00,Microbiologists,0.808063441,4.414540865,0.299999952,0.25,1.599999905,0,1.650000095,1.550000191,0.450000048,0.799999952,0,3.299999952,2.25,3.599999905,2.799999952,3.650000095,4.550000191,3.450000048,2.799999952,1.850000024
37-1012.00,"First-Line Supervisors of Landscaping, Lawn Service, and Groundskeeping Workers",0.807364835,4.430608787,0,1.200000048,1.200000048,0,1.049999952,0.549999952,0.700000048,1.450000048,1.650000095,3,3.200000048,3.200000048,2,3.049999952,3.549999952,3.700000048,3.450000048,3.650000095
53-5022.00,Motorboat Operators,0.806895581,4.441401638,0,0.700000048,0.700000048,0,0.700000048,0.5,1.099999905,1.25,1.75,2.25,2.700000048,2.700000048,1,2.700000048,3.5,4.099999905,3.25,3.75
41-9021.00,Real Estate Brokers,0.806808476,4.443405049,1,2,1.950000048,0,1.849999905,0.849999905,0,0,0,4,4,3.950000048,2.049999952,3.849999905,3.849999905,0.5,0,0
11-3051.00,Industrial Production Managers,0.806784303,4.443961027,0.25,1.25,1.75,0,2.150000095,0.700000048,0,0,0,3.25,3.25,3.75,2.049999952,4.150000095,3.700000048,1.899999976,0.25,0.649999976
29-1126.00,Respiratory Therapists,0.806460593,4.451406362,0.150000095,1.299999952,1.150000095,0,1.150000095,0.650000095,0,1.450000048,1.25,3.150000095,3.299999952,3.150000095,1.950000048,3.150000095,3.650000095,2.950000048,3.450000048,3.25
33-3021.02,Police Identification and Records Officers,0.805934522,4.463505997,0.5,1.299999952,1.200000048,0,1.400000095,0.5,1,1.349999905,1.25,3.5,3.299999952,3.200000048,1.5,3.400000095,3.5,4,3.349999905,3.25
17-2041.00,Chemical Engineers,0.805779994,4.467060133,0.25,0.900000095,1.849999905,0,1.900000095,1.150000095,0,0,0,3.25,2.900000095,3.849999905,2.799999952,3.900000095,4.150000095,1.700000048,1.350000024,1.049999952
47-5012.00,"Rotary Drill Operators, Oil and Gas",0.805157685,4.481373244,0,0.700000048,0.5,0,0.75,0.650000095,0.25,1.799999952,1.75,2.25,2.700000048,2.5,1.100000024,2.75,3.650000095,3.25,3.799999952,3.75
13-1041.01,Environmental Compliance Inspectors,0.804964873,4.485807922,0.450000048,1.349999905,1.549999952,0,1.599999905,0.849999905,0.150000095,0.349999905,1.049999952,3.450000048,3.349999905,3.549999952,1.950000048,3.599999905,3.849999905,3.150000095,2.349999905,3.049999952
47-2011.00,Boilermakers,0.804732002,4.49116396,0,0.150000095,0.5,0,0.900000095,0.349999905,1,2.050000191,1.599999905,2.049999952,2.150000095,2.5,1.75,2.900000095,3.349999905,4,4.050000191,3.599999905
49-9095.00,Manufactured Building and Mobile Home Installers,0.804622941,4.493672368,0,0,0.650000095,0,0.400000095,0.25,0.599999905,1.75,1.75,2.450000048,2,2.650000095,1.25,2.400000095,3.25,3.599999905,3.75,3.75
31-2021.00,Physical Therapist Assistants,0.80435959,4.49972942,0,1.650000095,0.950000048,0,0.700000048,0.5,0.549999952,2.449999809,1.849999905,3,3.650000095,2.950000048,1.549999952,2.700000048,3.5,3.549999952,4.449999809,3.849999905
21-1091.00,Health Education Specialists,0.804302008,4.501053818,1,1.799999952,1.75,0,1.75,0.549999952,0,0,0,4,3.799999952,3.75,2.799999952,3.75,3.549999952,0.150000006,0,0
27-1025.00,Interior Designers,0.803938668,4.509410647,0.700000048,1.900000095,1.450000048,0.5,1.549999952,0.25,0.5,0,0,3.700000048,3.900000095,3.450000048,3.5,3.549999952,3.25,3.5,0.100000001,0
15-1299.08,Computer Systems Engineers/Architects,0.803620857,4.516720299,0.900000095,1,1.900000095,0,2.150000095,0.5,0,0,0,3.900000095,3,3.900000095,2.25,4.150000095,3.5,0.25,0.25,0.25
17-2021.00,Agricultural Engineers,0.803611093,4.516944872,0.799999952,1.299999952,1.799999952,0,1.799999952,0.949999809,0,0,0,3.799999952,3.299999952,3.799999952,2.549999952,3.799999952,3.949999809,3,0.75,1.299999952
49-3023.00,Automotive Service Technicians and Mechanics,0.803552885,4.51828364,0,0,1.049999952,0,1,0.650000095,0.75,2,1.400000095,2.450000048,2,3.049999952,1.700000048,3,3.650000095,3.75,4,3.400000095
45-4021.00,Fallers,0.803482929,4.519892641,0,0,0.900000095,0,0.950000048,0.700000048,1,2,1.900000095,1.149999976,2,2.900000095,1.25,2.950000048,3.700000048,4,4,3.900000095
11-9131.00,Postmasters and Mail Superintendents,0.802875475,4.533864085,0.75,1.900000095,1.599999905,0,1.700000048,0.75,0,0,0,3.75,3.900000095,3.599999905,1.950000048,3.700000048,3.75,0.25,0.200000003,0.349999994
33-9092.00,"Lifeguards, Ski Patrol, and Other Recreational Protective Service Workers",0.802746043,4.53684102,0.049999952,1.650000095,1.799999952,0,1.25,0.75,1.5,1.900000095,2.349999905,3.049999952,3.650000095,3.799999952,1.549999952,3.25,3.75,4.5,3.900000095,4.349999905
49-3042.00,"Mobile Heavy Equipment Mechanics, Except Engines",0.802729067,4.537231469,0,0,0.700000048,0,1,0.5,0.75,2,1.5,2,1.700000048,2.700000048,2,3,3.5,3.75,4,3.5
17-2131.00,Materials Engineers,0.802697757,4.537951593,0.599999905,1.349999905,1.900000095,0,1.950000048,1.199999809,0,0,0,3.599999905,3.349999905,3.900000095,3,3.950000048,4.199999809,2.25,0.25,0.5
19-5011.00,Occupational Health and Safety Specialists,0.802128516,4.551044126,0.450000048,1.400000095,1.75,0,1.650000095,0.799999952,0.099999905,0.5,0.400000095,3.450000048,3.400000095,3.75,2.049999952,3.650000095,3.799999952,3.099999905,2.5,2.400000095
45-1011.00,"First-Line Supervisors of Farming, Fishing, and Forestry Workers",0.802035376,4.553186355,0.099999905,1.599999905,1.650000095,0,1.299999952,0.700000048,0.349999905,0.650000095,1.299999952,3.099999905,3.599999905,3.650000095,2,3.299999952,3.700000048,3.349999905,2.650000095,3.299999952
29-2099.08,Patient Representatives,0.8013392,4.56919841,1,2,1.849999905,0,1.349999905,0.700000048,0,0,0,4,4,3.849999905,2,3.349999905,3.700000048,0,0.5,0
51-1011.00,First-Line Supervisors of Production and Operating Workers,0.800928809,4.578637391,0.25,1.900000095,1.700000048,0,1.5,0.700000048,0.099999905,0.650000095,0.549999952,3.25,3.900000095,3.700000048,2.150000095,3.5,3.700000048,3.099999905,2.650000095,2.549999952
27-1022.00,Fashion Designers,0.800758104,4.582563606,0.150000095,1.25,1.299999952,1.050000191,1.099999905,0.25,0.75,1.400000095,0,3.150000095,3.25,3.299999952,4.050000191,3.099999905,3.25,3.75,3.400000095,2
27-1013.00,"Fine Artists, Including Painters, Sculptors, and Illustrators",0.800756741,4.582594954,0,1,1.25,1.400000095,1.549999952,0.299999952,1,1.849999905,0.700000048,3,3,3.25,4.400000095,3.549999952,3.299999952,4,3.849999905,2.700000048
31-1122.00,Personal Care Aides,0.800657721,4.584872406,0,2,1.599999905,0,0.799999952,0.75,0.5,2.550000191,2.5,3,4,3.599999905,1.600000024,2.799999952,3.75,3.5,4.550000191,4.5
15-2011.00,Actuaries,0.799973503,4.600609432,1,1.25,1.450000048,0,1.950000048,0.799999952,0,0,0,4,3.25,3.450000048,2.049999952,3.950000048,3.799999952,0,0,0
39-2011.00,Animal Trainers,0.799970183,4.600685791,0,1,1.700000048,0,1.200000048,0.75,0.75,1.5,1.700000048,2.349999905,3,3.700000048,2,3.200000048,3.75,3.75,3.5,3.700000048
17-2151.00,"Mining and Geological Engineers, Including Mining Safety Engineers",0.799599093,4.609220858,0.25,1.099999905,1.950000048,0,2,1,0.099999905,0,0,3.25,3.099999905,3.950000048,2.549999952,4,4,3.099999905,0.450000018,1.700000048
27-1021.00,Commercial and Industrial Designers,0.799392073,4.613982327,0.75,1.450000048,2,0.75,2,0.599999905,0.5,0,0,3.75,3.450000048,4,3.75,4,3.599999905,3.5,1.899999976,1
27-2041.00,Music Directors and Composers,0.799387729,4.614082234,0.650000095,2.050000191,1.599999905,1.25,1.650000095,0.5,0,0,0,3.650000095,4.050000191,3.599999905,4.25,3.650000095,3.5,1.100000024,0.25,0
11-3051.01,Quality Control Systems Managers,0.798884604,4.625654107,0.700000048,1.5,1.700000048,0,1.75,0.799999952,0,0,0,3.700000048,3.5,3.700000048,2,3.75,3.799999952,1.799999952,0.5,0.850000024
17-2141.01,Fuel Cell Engineers,0.798727521,4.629267012,0.349999905,0.849999905,1.75,0,1.950000048,1.150000095,0,0.849999905,0,3.349999905,2.849999905,3.75,2.650000095,3.950000048,4.150000095,2.150000095,2.849999905,1.700000048
23-1012.00,Judicial Law Clerks,0.798668915,4.630614955,1,1.5,1.400000095,0,1.849999905,1.449999809,0,0,0,4,3.5,3.400000095,1.950000048,3.849999905,4.449999809,0.25,0,0
19-1031.02,Range Managers,0.798072497,4.644332567,0.549999952,1.549999952,2,0,1.900000095,1.050000191,0.25,0,0.25,3.549999952,3.549999952,4,2.400000095,3.900000095,4.050000191,3.25,1.700000048,2.25
29-1051.00,Pharmacists,0.797972248,4.646638295,0.950000048,1.549999952,1.299999952,0,1.5,0.900000095,0,0.5,0,3.950000048,3.549999952,3.299999952,2,3.5,3.900000095,1.850000024,2.5,1.549999952
17-2081.00,Environmental Engineers,0.797596722,4.655275394,0.900000095,1.049999952,1.849999905,0,1.75,1.050000191,0,0,0,3.900000095,3.049999952,3.849999905,2.25,3.75,4.050000191,1.799999952,0.600000024,0.800000012
17-2171.00,Petroleum Engineers,0.797519668,4.657047625,0.349999905,1.150000095,1.849999905,0,1.950000048,0.949999809,0,0,0,3.349999905,3.150000095,3.849999905,2.450000048,3.950000048,3.949999809,1.700000048,0.600000024,1.299999952
53-2031.00,Flight Attendants,0.797141086,4.665755012,0.799999952,2,2,0,1.25,0.700000048,0.200000048,0.849999905,1.599999905,3.799999952,4,4,1.25,3.25,3.700000048,3.200000048,2.849999905,3.599999905
19-1031.03,Park Naturalists,0.797105641,4.666570266,1,2,1.549999952,0.25,1.299999952,0.75,0.25,0.25,1.200000048,4,4,3.549999952,3.25,3.299999952,3.75,3.25,2.25,3.200000048
53-5031.00,Ship Engineers,0.797062403,4.66756474,0,1,1.099999905,0,1.200000048,0.700000048,0.150000095,1.75,1.700000048,3,3,3.099999905,1.75,3.200000048,3.700000048,3.150000095,3.75,3.700000048
49-9081.00,Wind Turbine Service Technicians,0.797028107,4.668353542,0,0.349999905,0.700000048,0,1,0.549999952,0.700000048,2,1.900000095,2.299999952,2.349999905,2.700000048,1.25,3,3.549999952,3.700000048,4,3.900000095
15-2041.01,Biostatisticians,0.795778606,4.69709207,1,0.75,1.5,0,1.950000048,1.349999905,0,0,0,4,2.75,3.5,2.5,3.950000048,4.349999905,0.25,0,0
47-5013.00,"Service Unit Operators, Oil and Gas",0.795560322,4.702112591,0,0.450000048,1,0,1.150000095,0.700000048,0.049999952,1.700000048,1.75,2.450000048,2.450000048,3,1.899999976,3.150000095,3.700000048,3.049999952,3.700000048,3.75
35-1012.00,First-Line Supervisors of Food Preparation and Serving Workers,0.795184677,4.710752425,0.049999952,2,1.75,0,1.400000095,0.75,0,1.099999905,1.150000095,3.049999952,4,3.75,2,3.400000095,3.75,3,3.099999905,3.150000095
17-1012.00,Landscape Architects,0.795036487,4.71416079,0.799999952,1.650000095,1.900000095,0.099999905,1.75,0.5,0.049999952,0,0,3.799999952,3.650000095,3.900000095,3.099999905,3.75,3.5,3.049999952,0.100000001,0.200000003
33-9011.00,Animal Control Workers,0.794960389,4.71591106,0.299999952,1.5,1.400000095,0,1.25,0.75,0.799999952,1.549999952,1.75,3.299999952,3.5,3.400000095,1.75,3.25,3.75,3.799999952,3.549999952,3.75
43-1011.00,First-Line Supervisors of Office and Administrative Support Workers,0.794855264,4.718328917,0.700000048,2,1.75,0,1.599999905,0.400000095,0,0,0,3.700000048,4,3.75,2,3.599999905,3.400000095,0.25,0,0
13-1131.00,Fundraisers,0.794719516,4.721451125,1.050000191,2.050000191,1.5,0.400000095,1.450000048,0.150000095,0,0,0,4.050000191,4.050000191,3.5,3.400000095,3.450000048,3.150000095,0.25,0,0
25-2011.00,"Preschool Teachers, Except Special Education",0.794011924,4.737725744,0.700000048,2.099999905,1.700000048,0,1.150000095,0.75,0.150000095,1.349999905,1.599999905,3.700000048,4.099999905,3.700000048,2.75,3.150000095,3.75,3.150000095,3.349999905,3.599999905
11-9199.09,Wind Energy Operations Managers,0.793587551,4.747486321,0.75,1.75,1.849999905,0,2,0.75,0,0,0,3.75,3.75,3.849999905,2,4,3.75,0.5,0.150000006,0.5
17-2011.00,Aerospace Engineers,0.793049406,4.759863669,0.650000095,1,1.799999952,0,1.950000048,1.199999809,0,0,0,3.650000095,3,3.799999952,2.700000048,3.950000048,4.199999809,2.099999905,0.100000001,0.5
11-9121.02,Water Resource Specialists,0.792949867,4.762153058,0.950000048,1.299999952,1.650000095,0,1.75,1.300000191,0,0,0,3.950000048,3.299999952,3.650000095,2.450000048,3.75,4.300000191,1.149999976,0.100000001,0.649999976
27-2012.04,Talent Directors,0.792756748,4.766594796,1.099999905,2,1.900000095,0,1.900000095,0.950000048,0,0,0,4.099999905,4,3.900000095,2.849999905,3.900000095,3.950000048,2.849999905,0,0
11-3071.00,"Transportation, Storage, and Distribution Managers",0.791805226,4.788479794,0.650000095,1.5,1.950000048,0,2,0.700000048,0,0,0,3.650000095,3.5,3.950000048,2,4,3.700000048,0.200000003,0,0.5
53-3011.00,"Ambulance Drivers and Attendants, Except Emergency Medical Technicians",0.791756965,4.789589798,0,1.450000048,1.200000048,0,0.5,0.400000095,0.75,2,2.099999905,2.5,3.450000048,3.200000048,0.949999988,2.5,3.400000095,3.75,4,4.099999905
19-2043.00,Hydrologists,0.790214846,4.825058531,0.900000095,1.200000048,1.849999905,0,1.950000048,1.199999809,0,0,0,3.900000095,3.200000048,3.849999905,2.25,3.950000048,4.199999809,2.450000048,1.75,2
53-3052.00,"Bus Drivers, Transit and Intercity",0.789545124,4.840462144,0,1.200000048,1.25,0,0.299999952,0,1.349999905,1.049999952,2.5,2.599999905,3.200000048,3.25,0.800000012,2.299999952,2.950000048,4.349999905,3.049999952,4.5
47-2221.00,Structural Iron and Steel Workers,0.786470261,4.911183996,0,0.450000048,0.450000048,0,0.25,0.150000095,0.849999905,2.199999809,1.950000048,2.200000048,2.450000048,2.450000048,0.949999988,2.25,3.150000095,3.849999905,4.199999809,3.950000048
13-2061.00,Financial Examiners,0.784744031,4.950887295,1,1.200000048,1.799999952,0,1.849999905,0.75,0,0,0,4,3.200000048,3.799999952,2,3.849999905,3.75,0.300000012,0,0
31-1121.00,Home Health Aides,0.784598444,4.954235791,0.099999905,2,1.400000095,0,0.5,0.75,0.700000048,2.449999809,2.5,3.099999905,4,3.400000095,1.700000048,2.5,3.75,3.700000048,4.449999809,4.5
49-9041.00,Industrial Machinery Mechanics,0.784401449,4.958766664,0,0,0.849999905,0,1,0.75,0.900000095,2,1.650000095,2.5,2,2.849999905,2,3,3.75,3.900000095,4,3.650000095
11-9199.11,Brownfield Redevelopment Specialists and Site Managers,0.783815852,4.972235403,0.650000095,1.349999905,1.799999952,0,2.050000191,0.949999809,0,0,0,3.650000095,3.349999905,3.799999952,2.200000048,4.050000191,3.949999809,3,0,1.149999976
49-3041.00,Farm Equipment Mechanics and Service Technicians,0.78368399,4.975268235,0,0,1.099999905,0,1,0.650000095,0.75,2,1.700000048,2.5,2,3.099999905,1.950000048,3,3.650000095,3.75,4,3.700000048
49-9071.00,"Maintenance and Repair Workers, General",0.782873381,4.993912241,0,0.549999952,1.549999952,0,1.150000095,0.75,0.950000048,2,1.75,2.299999952,2.549999952,3.549999952,2.049999952,3.150000095,3.75,3.950000048,4,3.75
27-2011.00,Actors,0.782814436,4.995267963,1.5,2.75,1.599999905,1.25,1.599999905,0.700000048,0.400000095,1.099999905,1.450000048,4.5,4.75,3.599999905,4.25,3.599999905,3.700000048,3.400000095,3.099999905,3.450000048
19-3092.00,Geographers,0.78281187,4.995326993,1,1.150000095,2.150000095,0,1.950000048,1.25,0.150000095,0,0.200000048,4,3.150000095,4.150000095,2.599999905,3.950000048,4.25,3.150000095,1.399999976,2.200000048
49-9051.00,Electrical Power-Line Installers and Repairers,0.782145075,5.010663269,0,0.099999905,0.5,0,0.849999905,0.5,1.150000095,2,2,2,2.099999905,2.5,1.25,2.849999905,3.5,4.150000095,4,4
13-2052.00,Personal Financial Advisors,0.782108262,5.011509984,0.950000048,2,1.849999905,0,1.799999952,0.950000048,0,0,0,3.950000048,4,3.849999905,2.150000095,3.799999952,3.950000048,0,0,0
53-2021.00,Air Traffic Controllers,0.782041987,5.013034295,0.599999905,1.200000048,1.700000048,0,1.849999905,1,0,0,0,3.599999905,3.200000048,3.700000048,1.850000024,3.849999905,4,2.799999952,0.150000006,0.75
31-2011.00,Occupational Therapy Assistants,0.781880222,5.016754898,0,1.950000048,1,0,1,0.700000048,0.150000095,2.25,1.900000095,3,3.950000048,3,2,3,3.700000048,3.150000095,4.25,3.900000095
27-1027.00,Set and Exhibit Designers,0.781385976,5.028122559,0.650000095,1.849999905,1.900000095,0.900000095,2.050000191,0.349999905,0.5,0,0,3.650000095,3.849999905,3.900000095,3.900000095,4.050000191,3.349999905,3.5,0.800000012,0.850000024
49-9044.00,Millwrights,0.780814991,5.041255206,0,0.150000095,0.75,0,1,0.650000095,1,2,1.700000048,2.049999952,2.150000095,2.75,1.850000024,3,3.650000095,4,4,3.700000048
19-2041.03,Industrial Ecologists,0.780770619,5.042275764,1,0.700000048,2.25,0,2,1.300000191,0,0,0,4,2.700000048,4.25,2.849999905,4,4.300000191,0,0,0
29-9091.00,Athletic Trainers,0.779406476,5.073651049,0.099999905,1.75,1.450000048,0,1.349999905,0.75,0.349999905,1.5,1.549999952,3.099999905,3.75,3.450000048,2,3.349999905,3.75,3.349999905,3.5,3.549999952
17-2111.00,"Health and Safety Engineers, Except Mining Safety Engineers and Inspectors",0.778736689,5.089056154,1,1.450000048,2.150000095,0,1.950000048,1.099999905,0.049999952,0,0,4,3.450000048,4.150000095,2.349999905,3.950000048,4.099999905,3.049999952,0.800000012,1.700000048
27-3043.05,"Poets, Lyricists and Creative Writers",0.778043395,5.105001904,1.75,1.5,1.25,1.75,2,0.349999905,0,0,0,4.75,3.5,3.25,4.75,4,3.349999905,0,0,0
47-2111.00,Electricians,0.777973341,5.106613159,0,0.75,1.049999952,0,1.099999905,0.700000048,0.950000048,2,1.75,2.599999905,2.75,3.049999952,2,3.099999905,3.700000048,3.950000048,4,3.75
13-1121.00,"Meeting, Convention, and Event Planners",0.777761062,5.111495566,1,2,1.950000048,0,1.900000095,0.299999952,0,0,0,4,4,3.950000048,2.900000095,3.900000095,3.299999952,0.400000006,0.050000001,0
21-1094.00,Community Health Workers,0.777018536,5.128573668,1,2,1.75,0,1.450000048,0.950000048,0,0,0.099999905,4,4,3.75,2.200000048,3.450000048,3.950000048,1.5,1.350000024,2.099999905
21-1092.00,Probation Officers and Correctional Treatment Specialists,0.776945531,5.130252782,1,2,2,0,1.849999905,1,0,0,0,4,4,4,2.049999952,3.849999905,4,1.450000048,0.899999976,1.300000072
29-1031.00,Dietitians and Nutritionists,0.776686475,5.136211064,1,2,1.150000095,0,1.450000048,1.050000191,0,0,0,4,4,3.150000095,2.25,3.450000048,4.050000191,2.049999952,1,0.75
27-3023.00,"News Analysts, Reporters, and Journalists",0.774351825,5.189908029,1.5,2,2.199999809,0.799999952,2.050000191,1.050000191,0.099999905,0,0,4.5,4,4.199999809,3.799999952,4.050000191,4.050000191,3.099999905,0.649999976,1.299999952
37-3013.00,Tree Trimmers and Pruners,0.773879551,5.200770336,0,0.450000048,1.049999952,0,1,0.349999905,1,2.050000191,1.899999857,2.5,2.450000048,3.049999952,1.75,3,3.349999905,4,4.050000191,3.899999857
19-3093.00,Historians,0.773625537,5.206612643,1.25,1.25,2,0.549999952,2,1.75,0,0,0,4.25,3.25,4,3.549999952,4,4.75,2,1.5,0.100000001
53-6051.01,Aviation Inspectors,0.773464478,5.210316998,0.299999952,1.150000095,1.949999809,0,1.799999952,0.900000095,1,0.5,1.400000095,3.299999952,3.150000095,3.949999809,2,3.799999952,3.900000095,4,2.5,3.400000095
29-1041.00,Optometrists,0.773224007,5.21584783,0.549999952,1.549999952,1.150000095,0,1.5,0.849999905,1.099999905,1.450000048,0.549999952,3.549999952,3.549999952,3.150000095,2,3.5,3.849999905,4.099999905,3.450000048,2.549999952
27-2032.00,Choreographers,0.77281713,5.225206008,0.5,2,1.700000048,1.25,1.75,0.75,0.700000048,0,0,3.5,4,3.700000048,4.25,3.75,3.75,3.700000048,0.100000001,1.149999976
31-1133.00,Psychiatric Aides,0.77216924,5.240107477,0.25,2.150000095,1.549999952,0,1.049999952,0.75,0.049999952,1.599999905,1.900000095,3.25,4.150000095,3.549999952,1.700000048,3.049999952,3.75,3.049999952,3.599999905,3.900000095
25-1194.00,"Career/Technical Education Teachers, Postsecondary",0.771989773,5.244235213,1.150000095,2,1.700000048,0,1.75,1,0,0.849999905,0.049999952,4.150000095,4,3.700000048,2.799999952,3.75,4,2.75,2.849999905,2.049999952
11-9199.08,Loss Prevention Managers,0.771686286,5.25121543,0.650000095,1.799999952,1.950000048,0,1.700000048,0.650000095,0,0,0,3.650000095,3.799999952,3.950000048,2.049999952,3.700000048,3.650000095,2.299999952,0,0.5
49-3011.00,Aircraft Mechanics and Service Technicians,0.771658715,5.251849562,0,0.25,0.950000048,0,1.099999905,0.650000095,1,2,1.549999952,2.200000048,2.25,2.950000048,1.5,3.099999905,3.650000095,4,4,3.549999952
47-1011.00,First-Line Supervisors of Construction Trades and Extraction Workers,0.770806684,5.271446276,0.049999952,1.849999905,1.950000048,0,1.75,0.75,0.700000048,1,1.599999905,3.049999952,3.849999905,3.950000048,2,3.75,3.75,3.700000048,3,3.599999905
25-1022.00,"Mathematical Science Teachers, Postsecondary",0.770516255,5.278126133,1.25,2,1.349999905,0.25,2.199999809,1.550000191,0,0,0,4.25,4,3.349999905,3.25,4.199999809,4.550000191,0,0,0
13-1081.00,Logisticians,0.770327066,5.28247749,0.900000095,1.700000048,2,0,2.050000191,0.75,0,0,0,3.900000095,3.700000048,4,2.299999952,4.050000191,3.75,0,0,0.5
11-9021.00,Construction Managers,0.76977361,5.295206963,0.599999905,2,2.150000095,0,2.25,0.700000048,0.150000095,0,0,3.599999905,4,4.150000095,2.099999905,4.25,3.700000048,3.150000095,0.25,1.200000048
19-1021.00,Biochemists and Biophysicists,0.769600875,5.299179877,0.400000095,0,1.75,0,2,1.75,0.150000095,0.849999905,0,3.400000095,1.549999952,3.75,2.799999952,4,4.75,3.150000095,2.849999905,2
29-1125.00,Recreational Therapists,0.769597382,5.299260208,0.900000095,2,2,0,1.5,0.950000048,0.049999952,0.099999905,0.25,3.900000095,4,4,2.799999952,3.5,3.950000048,3.049999952,2.099999905,2.25
11-3111.00,Compensation and Benefits Managers,0.767645313,5.344157792,1,2,2.050000191,0,2.199999809,1,0,0,0,4,4,4.050000191,2.25,4.199999809,4,0,0,0
17-2112.01,Human Factors Engineers and Ergonomists,0.767551481,5.346315929,0.650000095,1.299999952,2.25,0.049999952,2.050000191,1.199999809,0,0,0,3.650000095,3.299999952,4.25,3.049999952,4.050000191,4.199999809,2.75,0.75,0.900000036
13-1151.00,Training and Development Specialists,0.767141113,5.355754398,1,2,1.900000095,0.150000095,1.900000095,0.549999952,0,0,0,4,4,3.900000095,3.150000095,3.900000095,3.549999952,0,0,0
25-2023.00,"Career/Technical Education Teachers, Middle School",0.766646803,5.367123541,1.25,2,1.75,0,1.599999905,0.950000048,0,0.349999905,0.650000095,4.25,4,3.75,2.650000095,3.599999905,3.950000048,2.950000048,2.349999905,2.650000095
19-1011.00,Animal Scientists,0.766071058,5.380365661,0.950000048,0.75,1.799999952,0,1.950000048,1.75,0,0,0,3.950000048,2.75,3.799999952,2.700000048,3.950000048,4.75,1.850000024,1.049999952,1
19-2041.02,Environmental Restoration Planners,0.765559902,5.392122246,0.950000048,1.349999905,2.150000095,0,2.099999905,1.150000095,0.099999905,0,0,3.950000048,3.349999905,4.150000095,2.450000048,4.099999905,4.150000095,3.099999905,0.100000001,1.5
25-1064.00,"Geography Teachers, Postsecondary",0.765337292,5.397242275,1.050000191,2,1.549999952,0,2.050000191,1.599999905,0,0,0,4.050000191,4,3.549999952,3,4.050000191,4.599999905,1.200000048,0.050000001,0.100000001
39-7012.00,Travel Guides,0.76528838,5.398367268,1.050000191,2,2,0,1.25,0.900000095,0.25,1.049999952,1.75,4.050000191,4,4,2.25,3.25,3.900000095,3.25,3.049999952,3.75
17-2111.02,Fire-Prevention and Protection Engineers,0.765256745,5.399094866,1,1.450000048,1.900000095,0,2,1.25,0,0,0,4,3.450000048,3.900000095,2.25,4,4.25,3,0.25,0.850000024
11-9041.01,Biofuels/Biodiesel Technology and Product Development Managers,0.765152368,5.401495542,0.799999952,1.099999905,2.050000191,0.200000048,2.25,1.550000191,0,0.349999905,0,3.799999952,3.099999905,4.050000191,3.200000048,4.25,4.550000191,1.700000048,2.349999905,1.200000048
13-1041.04,Government Property Inspectors and Investigators,0.764123948,5.425149187,1,1.75,2,0,2,1,0,0,0,4,3.75,4,2,4,4,3,1.100000024,1.25
19-3099.01,Transportation Planners,0.764020053,5.427538787,0.950000048,1.700000048,1.950000048,0,2.050000191,1.050000191,0,0,0,3.950000048,3.700000048,3.950000048,2.700000048,4.050000191,4.050000191,0.899999976,0,0.100000001
11-3031.01,Treasurers and Controllers,0.763492202,5.439679354,0.849999905,1.650000095,1.949999809,0,2.150000095,0.950000048,0,0,0,3.849999905,3.650000095,3.949999809,2,4.150000095,3.950000048,0,0,0
25-2059.01,Adapted Physical Education Specialists,0.762846963,5.45451986,0.549999952,2.050000191,1.799999952,0,1.5,0.75,0.599999905,0.599999905,1,3.549999952,4.050000191,3.799999952,2.400000095,3.5,3.75,3.599999905,2.599999905,3
11-3061.00,Purchasing Managers,0.762573582,5.460807607,1,2,1.950000048,0,2.199999809,0.650000095,0,0,0,4,4,3.950000048,2.099999905,4.199999809,3.650000095,0.050000001,0,0
29-2061.00,Licensed Practical and Licensed Vocational Nurses,0.762274417,5.467688406,0,1.75,1.349999905,0,1.049999952,0.650000095,0.450000048,1.950000048,2,3,3.75,3.349999905,1.549999952,3.049999952,3.650000095,3.450000048,3.950000048,4
19-1029.01,Bioinformatics Scientists,0.761209336,5.492185279,1,1,1.799999952,0,2,1.75,0,0,0,4,3,3.799999952,2.950000048,4,4.75,0,0,0
21-1015.00,Rehabilitation Counselors,0.760524906,5.507927152,1.050000191,2.25,2.25,0,1.900000095,1,0,0,0,4.050000191,4.25,4.25,2.25,3.900000095,4,0.25,0,0.200000003
13-1199.04,Business Continuity Planners,0.759795496,5.524703581,1,1.450000048,2.099999905,0,2,0.900000095,0,0,0,4,3.450000048,4.099999905,2.5,4,3.900000095,0,0,0.200000003
19-2041.00,"Environmental Scientists and Specialists, Including Health",0.759330602,5.535396152,1,0.950000048,2.25,0,2,1.550000191,0,0,0,4,2.950000048,4.25,2.599999905,4,4.550000191,1.950000048,1.049999952,1.5
19-2032.00,Materials Scientists,0.759105143,5.540581703,1,1.25,2,0.049999952,2,1.599999905,0,0.299999952,0,4,3.25,4,3.049999952,4,4.599999905,2.799999952,2.299999952,1.549999952
19-4092.00,Forensic Science Technicians,0.758524698,5.553931948,0.700000048,1.299999952,1.650000095,0,1.700000048,0.75,1,1.400000095,1,3.700000048,3.299999952,3.650000095,2,3.700000048,3.75,4,3.400000095,3
11-9081.00,Lodging Managers,0.757912599,5.568010229,0.75,2,1.849999905,0,1.950000048,0.700000048,0,0,0,3.75,4,3.849999905,2.25,3.950000048,3.700000048,2.75,0,0.400000006
15-2021.00,Mathematicians,0.757522938,5.576972421,1,0.25,1.75,0.549999952,2.150000095,1.75,0,0,0,4,2.25,3.75,3.549999952,4.150000095,4.75,0,0,0
25-1082.00,"Library Science Teachers, Postsecondary",0.75715534,5.58542717,1.199999809,2,1.549999952,0.349999905,2.099999905,1.300000191,0,0,0,4.199999809,4,3.549999952,3.349999905,4.099999905,4.300000191,0,0,0
19-3011.01,Environmental Economists,0.757009442,5.588782832,1,1,2.150000095,0,2.050000191,1.75,0,0,0,4,3,4.150000095,2.799999952,4.050000191,4.75,0,0,0
21-1012.00,"Educational, Guidance, and Career Counselors and Advisors",0.756964715,5.589811551,1,2,2,0,1.75,0.799999952,0,0,0,4,4,4,2.049999952,3.75,3.799999952,0,0,0
35-1011.00,Chefs and Head Cooks,0.756462275,5.601367664,0.200000048,1.799999952,1.599999905,0,1.400000095,0.599999905,0.650000095,1.599999905,1.400000095,3.200000048,3.799999952,3.599999905,2.5,3.400000095,3.599999905,3.650000095,3.599999905,3.400000095
13-1041.03,Equal Opportunity Representatives and Officers,0.755994354,5.612129859,1,2,2,0,1.849999905,0.849999905,0,0,0,4,4,4,2,3.849999905,3.849999905,0.050000001,0,0
27-3041.00,Editors,0.755323474,5.627560101,1.5,2,2,0.75,2.25,0.700000048,0,0,0,4.5,4,4,3.75,4.25,3.700000048,0.699999988,0,0
33-2021.00,Fire Inspectors and Investigators,0.755115918,5.632333892,0.799999952,1.700000048,1.950000048,0,1.950000048,0.950000048,0.950000048,0.549999952,0.950000048,3.799999952,3.700000048,3.950000048,2,3.950000048,3.950000048,3.950000048,2.549999952,2.950000048
11-3031.03,Investment Fund Managers,0.7550066,5.634848194,1,1.75,2.199999809,0,2.199999809,1.150000095,0,0,0,4,3.75,4.199999809,2.549999952,4.199999809,4.150000095,0,0,0
25-2032.00,"Career/Technical Education Teachers, Secondary School",0.754796086,5.639690011,1.199999809,2,1.900000095,0,1.650000095,1,0,0,0,4.199999809,4,3.900000095,3,3.650000095,4,2.150000095,1.75,1.399999976
33-3012.00,Correctional Officers and Jailers,0.754503154,5.646427447,0.049999952,1.900000095,1.849999905,0,1.25,0.75,0.75,0.950000048,1.75,3.049999952,3.900000095,3.849999905,1.299999952,3.25,3.75,3.75,2.950000048,3.75
33-9021.00,Private Detectives and Investigators,0.754391149,5.649003584,1.199999809,2.25,2.199999809,0,2,1,0.450000048,0,0.350000143,4.199999809,4.25,4.199999809,2.5,4,4,3.450000048,1.399999976,2.350000143
15-1211.01,Health Informatics Specialists,0.754379468,5.649272245,1,1.299999952,2.050000191,0,1.950000048,1.25,0,0,0,4,3.299999952,4.050000191,2.5,3.950000048,4.25,0,0,0
33-3021.06,Intelligence Analysts,0.75434837,5.649987491,1.199999809,1.700000048,2.25,0,2,1.25,0.25,0,0,4.199999809,3.700000048,4.25,2.599999905,4,4.25,3.25,0.300000012,1.25
11-3031.00,Financial Managers,0.754266101,5.651879667,1,2,1.950000048,0,2.25,0.900000095,0,0,0,4,4,3.950000048,2.150000095,4.25,3.900000095,0.050000001,0,0
29-1122.01,"Low Vision Therapists, Orientation and Mobility Specialists, and Vision Rehabilitation Therapists",0.753467377,5.670250337,1,2,1.950000048,0,1.950000048,1,0,0.349999905,0.75,4,4,3.950000048,2.25,3.950000048,4,1.700000048,2.349999905,2.75
11-9013.00,"Farmers, Ranchers, and Other Agricultural Managers",0.753337534,5.673236716,0.150000095,1.25,2.099999905,0,1.849999905,0.799999952,0.25,1.25,1.5,3.150000095,3.25,4.099999905,2.049999952,3.849999905,3.799999952,3.25,3.25,3.5
29-1071.01,Anesthesiologist Assistants,0.751436882,5.716951721,0,1.299999952,1.650000095,0,1.700000048,1,0.400000095,1.849999905,1.650000095,3,3.299999952,3.650000095,1.700000048,3.700000048,4,3.400000095,3.849999905,3.650000095
25-4012.00,Curators,0.750151223,5.746521868,1.050000191,2,2.050000191,0.25,2.150000095,1.349999905,0.049999952,0,0,4.050000191,4,4.050000191,3.25,4.150000095,4.349999905,3.049999952,1,0.800000012
15-1299.09,Information Technology Project Managers,0.74991943,5.751853105,1,2,2.050000191,0,2.25,0.849999905,0,0,0,4,4,4.050000191,2.049999952,4.25,3.849999905,0,0,0
33-3052.00,Transit and Railroad Police,0.749282248,5.766508291,0.099999905,1.75,1.75,0,1.549999952,0.75,0.75,0.700000048,1.900000095,3.099999905,3.75,3.75,2,3.549999952,3.75,3.75,2.700000048,3.900000095
11-9199.10,Wind Energy Development Managers,0.748937978,5.774426499,1,2,2.199999809,0,2.25,1.150000095,0,0,0,4,4,4.199999809,2.450000048,4.25,4.150000095,0.5,0,0.5
19-2041.01,Climate Change Policy Analysts,0.748348895,5.787975421,1.050000191,1.75,2.050000191,0,2,1.599999905,0,0,0,4.050000191,3.75,4.050000191,3,4,4.599999905,0,0,0
25-1192.00,"Family and Consumer Sciences Teachers, Postsecondary",0.747989187,5.796248697,1.25,2,2.25,0.400000095,2.25,1.5,0,0,0,4.25,4,4.25,3.400000095,4.25,4.5,0,0,0
19-2011.00,Astronomers,0.747972665,5.796628716,1,1.299999952,2,0.099999905,2,1.75,0,0,0,4,3.299999952,4,3.099999905,4,4.75,1.649999976,0.100000001,0.5
29-1011.00,Chiropractors,0.747701033,5.80287625,0.349999905,1.700000048,1.200000048,0,1.450000048,0.599999905,0.5,2.300000191,1.849999905,3.349999905,3.700000048,3.200000048,2,3.450000048,3.599999905,3.5,4.300000191,3.849999905
25-1193.00,"Recreation and Fitness Studies Teachers, Postsecondary",0.747488496,5.807764602,1.150000095,2,2.050000191,0.299999952,2.199999809,1.550000191,0,0,0,4.150000095,4,4.050000191,3.299999952,4.199999809,4.550000191,0.150000006,0,0
15-1255.01,Video Game Designers,0.747209767,5.814175365,1.150000095,1.849999905,2.150000095,0.950000048,2.25,0.549999952,0,0,0,4.150000095,3.849999905,4.150000095,3.950000048,4.25,3.549999952,3,0,0
29-9092.00,Genetic Counselors,0.74717406,5.814996621,1,2.199999809,1.900000095,0,1.900000095,1.300000191,0,0,0,4,4.199999809,3.900000095,2.200000048,3.900000095,4.300000191,0,0,0
25-2012.00,"Kindergarten Teachers, Except Special Education",0.74714952,5.81556103,1.150000095,2.25,1.900000095,0.150000095,1.549999952,0.900000095,0.150000095,0.849999905,1.700000048,4.150000095,4.25,3.900000095,3.150000095,3.549999952,3.900000095,3.150000095,2.849999905,3.700000048
29-2091.00,Orthotists and Prosthetists,0.745836694,5.845756038,0.450000048,1.549999952,1.549999952,0,1.299999952,1,0.700000048,1.900000095,1.150000095,3.450000048,3.549999952,3.549999952,2.549999952,3.299999952,4,3.700000048,3.900000095,3.150000095
11-3071.04,Supply Chain Managers,0.745014935,5.864656506,0.900000095,1.650000095,2.099999905,0,2.25,0.799999952,0,0,0,3.900000095,3.650000095,4.099999905,2.75,4.25,3.799999952,0.5,0,0.5
11-3021.00,Computer and Information Systems Managers,0.744628081,5.87355414,1,2,2.050000191,0,2.25,0.849999905,0,0,0,4,4,4.050000191,2.5,4.25,3.849999905,0,0,0
25-2031.00,"Secondary School Teachers, Except Special and Career/Technical Education",0.743708664,5.89470072,1.25,2.050000191,1.849999905,0,2.050000191,1.099999905,0,0,0,4.25,4.050000191,3.849999905,2.849999905,4.050000191,4.099999905,2.450000048,0.25,0.800000012
11-9199.01,Regulatory Affairs Managers,0.743499816,5.899504234,1,2,2.199999809,0,2.25,1.25,0,0,0,4,4,4.199999809,2.25,4.25,4.25,0,0,0
11-2021.00,Marketing Managers,0.742921679,5.912801386,1,2,2.150000095,0.049999952,2.25,0.799999952,0,0,0,4,4,4.150000095,3.049999952,4.25,3.799999952,0.150000006,0,0
27-1011.00,Art Directors,0.742431585,5.92407355,1,2,1.950000048,0.950000048,2.25,0.599999905,0.700000048,0,0,4,4,3.950000048,3.950000048,4.25,3.599999905,3.700000048,0.600000024,0
29-1181.00,Audiologists,0.742256329,5.928104441,1,2,1.299999952,0,1.599999905,1.25,0,1,0,4,4,3.299999952,2.099999905,3.599999905,4.25,2.849999905,3,1.049999952
19-3011.00,Economists,0.742132595,5.93095032,1.150000095,1.349999905,2.300000191,0,2.099999905,1.75,0,0,0,4.150000095,3.349999905,4.300000191,2.900000095,4.099999905,4.75,0,0,0
19-2042.00,"Geoscientists, Except Hydrologists and Geographers",0.74181882,5.938167138,1,1.150000095,2.199999809,0.099999905,2,1.650000095,0.25,0.400000095,0.599999905,4,3.150000095,4.199999809,3.099999905,4,4.650000095,3.25,2.400000095,2.599999905
11-3131.00,Training and Development Managers,0.74180754,5.938426572,1.050000191,2,2,0,2.25,0.950000048,0,0,0,4.050000191,4,4,2.900000095,4.25,3.950000048,0.050000001,0,0
17-2199.08,Robotics Engineers,0.739585037,5.989544138,0.25,0.849999905,1.950000048,0,2,1.099999905,0.099999905,1.200000048,1,3.25,2.849999905,3.950000048,2.900000095,4,4.099999905,3.099999905,3.200000048,3
25-1111.00,"Criminal Justice and Law Enforcement Teachers, Postsecondary",0.739512048,5.991222901,1.25,2,2.199999809,0,2.25,1.5,0,0,0,4.25,4,4.199999809,2.950000048,4.25,4.5,0,0,0
11-1021.00,General and Operations Managers,0.739312072,5.995822355,1,2,2.25,0,2.25,1,0,0,0,4,4,4.25,2.950000048,4.25,4,1.450000048,1.049999952,1.600000024
41-9031.00,Sales Engineers,0.739261365,5.9969886,1.050000191,2,1.700000048,0,2,0.849999905,0,0,0,4.050000191,4,3.700000048,2.75,4,3.849999905,0.550000012,0,0
25-9021.00,Farm and Home Management Educators,0.739151322,5.999519591,1,2,2,0,1.549999952,1.050000191,0,0.049999952,0.150000095,4,4,4,2.5,3.549999952,4.050000191,2.549999952,2.049999952,2.150000095
53-5021.00,"Captains, Mates, and Pilots of Water Vessels",0.738928489,6.00464476,0.049999952,1.450000048,2,0,2.099999905,1,1.25,0,2.050000191,3.049999952,3.450000048,4,1.649999976,4.099999905,4,4.25,1.299999952,4.050000191
29-1299.01,Naturopathic Physicians,0.738577489,6.012717761,0.900000095,1.900000095,1.549999952,0,1.950000048,0.950000048,0.450000048,1.5,0.700000048,3.900000095,3.900000095,3.549999952,2.25,3.950000048,3.950000048,3.450000048,3.5,2.700000048
13-2099.04,"Fraud Examiners, Investigators and Analysts",0.738534644,6.013703185,1.050000191,2.050000191,2.199999809,0,2.099999905,1.199999809,0,0,0,4.050000191,4.050000191,4.199999809,2.400000095,4.099999905,4.199999809,2.700000048,1,1.899999976
11-2011.00,Advertising and Promotions Managers,0.738162618,6.022259797,1.150000095,2,2,0.549999952,2.25,0.799999952,0,0,0,4.150000095,4,4,3.549999952,4.25,3.799999952,0.150000006,0,0
25-2022.00,"Middle School Teachers, Except Special and Career/Technical Education",0.738113945,6.023379275,1.25,2.050000191,1.950000048,0.25,2.150000095,1,0,0,0.299999952,4.25,4.050000191,3.950000048,3.25,4.150000095,4,2.700000048,1.949999928,2.299999952
17-2031.00,Bioengineers and Biomedical Engineers,0.737974243,6.026592415,1,1.25,2.25,0.099999905,2.150000095,1.300000191,0,0.650000095,0,4,3.25,4.25,3.099999905,4.150000095,4.300000191,2.5,2.650000095,1.950000048
17-2199.09,Nanosystems Engineers,0.737648478,6.034085015,1,1.299999952,2.150000095,0.25,2.050000191,1.650000095,0,0,0,4,3.299999952,4.150000095,3.25,4.050000191,4.650000095,1.399999976,0.550000012,0.699999988
29-1023.00,Orthodontists,0.73611579,6.069336821,0.200000048,1.299999952,1.349999905,0,1.5,0.849999905,0.799999952,1.900000095,1.150000095,3.200000048,3.299999952,3.349999905,2,3.5,3.849999905,3.799999952,3.900000095,3.150000095
11-9199.02,Compliance Managers,0.735663157,6.07974738,1,2,2.199999809,0,2.050000191,1.25,0,0,0,4,4,4.199999809,2,4.050000191,4.25,0,0,0
13-1011.00,"Agents and Business Managers of Artists, Performers, and Athletes",0.735327207,6.087474229,1.25,2.099999905,2.25,0.049999952,2.25,1.25,0,0,0,4.25,4.099999905,4.25,3.049999952,4.25,4.25,0.850000024,0,0
19-1013.00,Soil and Plant Scientists,0.734823879,6.099050787,1,1,2.050000191,0.099999905,2,1.75,0.099999905,0.400000095,0.450000048,4,3,4.050000191,3.099999905,4,4.75,3.099999905,2.400000095,2.450000048
21-2021.00,"Directors, Religious Activities and Education",0.733264409,6.134918598,1.150000095,2.150000095,2.099999905,0.5,2,0.949999809,0,0,0,4.150000095,4.150000095,4.099999905,3.5,4,3.949999809,0,0,0
25-2021.00,"Elementary School Teachers, Except Special Education",0.732527628,6.151864557,1.25,2,1.900000095,0.200000048,1.849999905,0.950000048,0,0.200000048,0.599999905,4.25,4,3.900000095,3.200000048,3.849999905,3.950000048,2.950000048,2.200000048,2.599999905
25-1122.00,"Communications Teachers, Postsecondary",0.730915439,6.188944907,1.5,2,1.799999952,0.75,2.25,1.400000095,0,0,0,4.5,4,3.799999952,3.75,4.25,4.400000095,0,0,0
25-9031.00,Instructional Coordinators,0.730850406,6.190440672,1.050000191,2,2,0.099999905,2,0.900000095,0,0,0,4.050000191,4,4,3.099999905,4,3.900000095,0.550000012,0.150000006,0
25-1121.00,"Art, Drama, and Music Teachers, Postsecondary",0.730790682,6.191814325,1.25,2.25,1.849999905,1,2.050000191,1.25,0,0,0,4.25,4.25,3.849999905,4,4.050000191,4.25,2.900000095,1.699999928,0.899999976
11-9031.00,"Education and Childcare Administrators, Preschool and Daycare",0.730771378,6.192258312,1.050000191,2.050000191,2.050000191,0,2.25,0.849999905,0,0,0,4.050000191,4.050000191,4.050000191,2.5,4.25,3.849999905,1.350000024,1.350000024,1.25
17-2161.00,Nuclear Engineers,0.730481152,6.198933505,1,1.150000095,2.099999905,0,2,1.599999905,0,0,0,4,3.150000095,4.099999905,2.950000048,4,4.599999905,1.149999976,0.200000003,0.649999976
25-1124.00,"Foreign Language and Literature Teachers, Postsecondary",0.729914621,6.21196371,1.75,2,1.75,0.650000095,2.050000191,1.75,0,0,0,4.75,4,3.75,3.650000095,4.050000191,4.75,0.349999994,0,0
11-9041.00,Architectural and Engineering Managers,0.729220394,6.227930948,1,2,2.25,0,2.25,1.25,0,0,0,4,4,4.25,2.950000048,4.25,4.25,0.800000012,0,0.5
27-3031.00,Public Relations Specialists,0.728435864,6.24597512,1.25,2.050000191,2.099999905,0.75,2.050000191,0.549999952,0,0,0,4.25,4.050000191,4.099999905,3.75,4.050000191,3.549999952,0,0,0
29-1141.04,Clinical Nurse Specialists,0.72752065,6.267025054,1,2,2,0,2,1,0,0,0,4,4,4,2.25,4,4,2.25,1.949999928,1.200000048
25-1067.00,"Sociology Teachers, Postsecondary",0.727311788,6.271828869,1.5,2,2.199999809,0.700000048,2.199999809,1.75,0,0,0,4.5,4,4.199999809,3.700000048,4.199999809,4.75,0,0,0
19-1029.04,Biologists,0.727143392,6.275701983,1,1.400000095,2,0,2.199999809,1.75,0.150000095,0.75,0.400000095,4,3.400000095,4,3,4.199999809,4.75,3.150000095,2.75,2.400000095
29-1127.00,Speech-Language Pathologists,0.726355014,6.293834676,1.25,2,1.849999905,0,1.849999905,1.25,0,0,0,4.25,4,3.849999905,2.5,3.849999905,4.25,2.75,0.800000012,0.600000024
19-1032.00,Foresters,0.726215912,6.297034017,0.700000048,1.5,2.099999905,0,2.050000191,1.050000191,0.700000048,0.75,1.5,3.700000048,3.5,4.099999905,2.450000048,4.050000191,4.050000191,3.700000048,2.75,3.5
29-2053.00,Psychiatric Technicians,0.726157322,6.298381605,1.050000191,2.300000191,2,0,1.549999952,0.950000048,0,1.5,1.849999905,4.050000191,4.300000191,4,2.200000048,3.549999952,3.950000048,3,3.5,3.849999905
11-2022.00,Sales Managers,0.725772245,6.307238367,1,2,2,0,2.25,0.900000095,0,0,0,4,4,4,2.5,4.25,3.900000095,0.050000001,0,0
39-9011.01,Nannies,0.725509126,6.313290096,0.599999905,2.199999809,1.849999905,0,1.25,0.75,0.799999952,1.5,2.300000191,3.599999905,4.199999809,3.849999905,2.349999905,3.25,3.75,3.799999952,3.5,4.300000191
13-1075.00,Labor Relations Specialists,0.725493357,6.313652793,1.150000095,2.099999905,2.150000095,0,1.900000095,1.199999809,0,0,0,4.150000095,4.099999905,4.150000095,2.25,3.900000095,4.199999809,0,0,0
25-1063.00,"Economics Teachers, Postsecondary",0.725013941,6.324679365,1.5,2,2.25,0.450000048,2.199999809,1.75,0,0,0,4.5,4,4.25,3.450000048,4.199999809,4.75,0,0,0
33-1011.00,First-Line Supervisors of Correctional Officers,0.724490671,6.336714558,0.200000048,2,2,0,1.799999952,0.900000095,0.299999952,1.049999952,1.75,3.200000048,4,4,1.899999976,3.799999952,3.900000095,3.299999952,3.049999952,3.75
25-1032.00,"Engineering Teachers, Postsecondary",0.723808644,6.352401192,1.150000095,2,2.150000095,0.349999905,2.25,1.75,0,0,0,4.150000095,4,4.150000095,3.349999905,4.25,4.75,0.800000012,0.050000001,0
29-1171.00,Nurse Practitioners,0.723371501,6.36245548,1,2,1.75,0,2,1.050000191,0,0.400000095,0,4,4,3.75,2,4,4.050000191,3,2.400000095,1.650000095
19-3051.00,Urban and Regional Planners,0.723078225,6.369200835,1.050000191,2,2.25,0.049999952,2.25,1.150000095,0,0,0,4.050000191,4,4.25,3.049999952,4.25,4.150000095,1.5,0,0.300000012
25-2051.00,"Special Education Teachers, Preschool",0.722568688,6.380920178,1.25,2.349999905,2.099999905,0,1.900000095,1,0.400000095,0.75,1.599999905,4.25,4.349999905,4.099999905,3,3.900000095,4,3.400000095,2.75,3.599999905
33-3051.04,Customs and Border Protection Officers,0.722059881,6.392622742,1,2,2,0,1.75,1,1,0.75,1.450000048,4,4,4,1.75,3.75,4,4,2.75,3.450000048
13-1111.00,Management Analysts,0.721371051,6.408465825,1,2,2.25,0,2.050000191,0.950000048,0,0,0,4,4,4.25,2.849999905,4.050000191,3.950000048,0.25,0,0
25-2058.00,"Special Education Teachers, Secondary School",0.720635231,6.425389692,1.199999809,2.25,2.099999905,0.349999905,2.099999905,1,0,0,0,4.199999809,4.25,4.099999905,3.349999905,4.099999905,4,2.549999952,1.25,1.5
25-1081.00,"Education Teachers, Postsecondary",0.71931959,6.455649437,1.25,2,2.199999809,0.400000095,2.199999809,1.5,0,0,0,4.25,4,4.199999809,3.400000095,4.199999809,4.5,0.100000001,0,0
25-1065.00,"Political Science Teachers, Postsecondary",0.717370655,6.500474943,1.5,2,2.25,0.599999905,2.150000095,1.75,0,0,0,4.5,4,4.25,3.599999905,4.150000095,4.75,0,0,0
29-1224.00,Radiologists,0.717138491,6.5058147,0.900000095,1.5,1.849999905,0,1.900000095,1.25,1.099999905,0.700000048,0.299999952,3.900000095,3.5,3.849999905,2,3.900000095,4.25,4.099999905,2.700000048,2.299999952
25-1071.00,"Health Specialties Teachers, Postsecondary",0.716865708,6.512088717,1.25,2,2.25,0.099999905,2.25,1.75,0,0,0,4.25,4,4.25,3.099999905,4.25,4.75,2.049999952,1.149999976,0.699999988
23-1021.00,"Administrative Law Judges, Adjudicators, and Hearing Officers",0.716050553,6.530837277,1.25,2,2.050000191,0,2.050000191,1.699999809,0,0,0,4.25,4,4.050000191,1.799999952,4.050000191,4.699999809,0.25,0,0.100000001
27-2022.00,Coaches and Scouts,0.714841147,6.558653623,0.900000095,2.099999905,1.950000048,0,1.950000048,0.849999905,0.599999905,0,0.849999905,3.900000095,4.099999905,3.950000048,2.75,3.950000048,3.849999905,3.599999905,2,2.849999905
25-1042.00,"Biological Science Teachers, Postsecondary",0.71355307,6.588279385,1.25,2,2.150000095,0.25,2.25,1.75,0,0,0,4.25,4,4.150000095,3.25,4.25,4.75,1.450000048,0.900000036,0.75
27-2012.03,Media Programming Directors,0.71352047,6.589029198,1.199999809,2,2,0.549999952,2.25,0.650000095,0,0,0,4.199999809,4,4,3.549999952,4.25,3.650000095,0.5,0,0
19-3091.00,Anthropologists and Archeologists,0.713462584,6.590360573,1.199999809,2.199999809,2.400000095,0.099999905,2,1.599999905,0.400000095,0.549999952,0.200000048,4.199999809,4.199999809,4.400000095,3.099999905,4,4.599999905,3.400000095,2.549999952,2.200000048
29-1024.00,Prosthodontists,0.713071736,6.599350061,0,1.450000048,1.75,0,1.650000095,1,1,2.349999905,1.5,3,3.450000048,3.75,2.25,3.650000095,4,4,4.349999905,3.5
25-1051.00,"Atmospheric, Earth, Marine, and Space Sciences Teachers, Postsecondary",0.712862179,6.604169879,1.199999809,2,2.150000095,0.200000048,2.25,1.75,0,0,0,4.199999809,4,4.150000095,3.200000048,4.25,4.75,2.25,1.25,1.25
25-1043.00,"Forestry and Conservation Science Teachers, Postsecondary",0.712145902,6.62064426,1.199999809,2,2.150000095,0.150000095,2.199999809,1.75,0,0,0,4.199999809,4,4.150000095,3.150000095,4.199999809,4.75,2.099999905,0.450000018,0.800000012
25-1062.00,"Area, Ethnic, and Cultural Studies Teachers, Postsecondary",0.712041553,6.623044277,1.5,2,2.199999809,0.650000095,2.150000095,1.650000095,0,0,0,4.5,4,4.199999809,3.650000095,4.150000095,4.650000095,0,0,0
25-1126.00,"Philosophy and Religion Teachers, Postsecondary",0.711976538,6.624539618,1.699999809,2,2.199999809,0.799999952,2.25,1.449999809,0,0,0,4.699999809,4,4.199999809,3.799999952,4.25,4.449999809,0,0,0
25-1021.00,"Computer Science Teachers, Postsecondary",0.711070067,6.645388454,1.25,2,2.050000191,0.25,2.25,1.699999809,0,0,0,4.25,4,4.050000191,3.25,4.25,4.699999809,0.150000006,0.600000024,0
25-1052.00,"Chemistry Teachers, Postsecondary",0.710664849,6.654708471,1.199999809,2,2.150000095,0.25,2.25,1.75,0,0,0,4.199999809,4,4.150000095,3.25,4.25,4.75,0.900000036,1.050000072,0.600000024
21-1022.00,Healthcare Social Workers,0.71040085,6.66078046,1.199999809,2.25,2.25,0,2.150000095,1.199999809,0,0,0,4.199999809,4.25,4.25,2.450000048,4.150000095,4.199999809,0.150000006,0,0
25-1053.00,"Environmental Science Teachers, Postsecondary",0.710333781,6.662323043,1.25,2,2.25,0.5,2.25,1.75,0,0,0,4.25,4,4.25,3.5,4.25,4.75,1.149999976,0.300000012,0.400000006
25-1125.00,"History Teachers, Postsecondary",0.709570626,6.679875598,1.5,2,1.950000048,0.700000048,2.050000191,1.75,0,0,0,4.5,4,3.950000048,3.700000048,4.050000191,4.75,0,0,0
25-1054.00,"Physics Teachers, Postsecondary",0.708927148,6.694675591,1.150000095,2,2.099999905,0.349999905,2.199999809,1.75,0,0.150000095,0,4.150000095,4,4.099999905,3.349999905,4.199999809,4.75,1.200000048,2.150000095,0.850000024
29-1081.00,Podiatrists,0.708828792,6.696937781,0.549999952,1.549999952,1.400000095,0,1.599999905,0.949999809,0.799999952,2.449999809,1.650000095,3.549999952,3.549999952,3.400000095,2,3.599999905,3.949999809,3.799999952,4.449999809,3.650000095
11-9121.00,Natural Sciences Managers,0.708766449,6.698371664,1,2,2.25,0.25,2.25,1.75,0,0,0,4,4,4.25,3.25,4.25,4.75,0.349999994,0.349999994,0.349999994
33-3031.00,Fish and Game Wardens,0.708012524,6.715711945,0.349999905,1.650000095,1.799999952,0,1.599999905,0.75,1.050000191,1.349999905,2.400000095,3.349999905,3.650000095,3.799999952,2,3.599999905,3.75,4.050000191,3.349999905,4.400000095
21-1011.00,Substance Abuse and Behavioral Disorder Counselors,0.707982923,6.716392768,1.150000095,2.300000191,2.25,0,2,1,0,0,0,4.150000095,4.300000191,4.25,2.400000095,4,4,0.150000006,0,0
25-1041.00,"Agricultural Sciences Teachers, Postsecondary",0.7078456,6.719551198,1.25,2,2.099999905,0.200000048,2.25,1.75,0,0,0,4.25,4,4.099999905,3.200000048,4.25,4.75,0.350000024,0.350000024,0.300000012
13-1041.06,Coroners,0.707611643,6.724932217,1,2,2.199999809,0,2,1.150000095,0.599999905,1.099999905,1.049999952,4,4,4.199999809,1.700000048,4,4.150000095,3.599999905,3.099999905,3.049999952
19-1023.00,Zoologists and Wildlife Biologists,0.70704812,6.737893238,1,1.599999905,2.199999809,0,2.099999905,1.349999905,0.75,1.150000095,0.950000048,4,3.599999905,4.199999809,2.549999952,4.099999905,4.349999905,3.75,3.150000095,2.950000048
25-1011.00,"Business Teachers, Postsecondary",0.706395554,6.752902247,1.449999809,2,2.25,0.5,2.25,1.699999809,0,0,0,4.449999809,4,4.25,3.5,4.25,4.699999809,0,0,0
19-1029.02,Molecular and Cellular Biologists,0.706151745,6.758509858,0.950000048,1.400000095,2,0.099999905,2.199999809,1.75,0,0.849999905,0,3.950000048,3.400000095,4,3.099999905,4.199999809,4.75,3,2.849999905,1.799999952
29-1222.00,"Physicians, Pathologists",0.702790837,6.835810754,1,1.549999952,2,0,2,1.5,0.849999905,1.25,0.150000095,4,3.549999952,4,2.349999905,4,4.5,3.849999905,3.25,2.150000095
33-1012.00,First-Line Supervisors of Police and Detectives,0.70255125,6.841321253,1.199999809,2.099999905,2.25,0,2.25,1.150000095,0,0,0,4.199999809,4.099999905,4.25,2.099999905,4.25,4.150000095,0.850000024,0.25,0.75
25-2057.00,"Special Education Teachers, Middle School",0.701301522,6.870065004,1.25,2.25,2.25,0.5,2.25,1,0,0,0,4.25,4.25,4.25,3.5,4.25,4,2.599999905,1.450000048,1.800000072
17-1011.00,"Architects, Except Landscape and Naval",0.70126163,6.870982518,1,2,2.25,0.700000048,2.25,1.099999905,0.450000048,0,0,4,4,4.25,3.700000048,4.25,4.099999905,3.450000048,0,0.300000012
25-1072.00,"Nursing Instructors and Teachers, Postsecondary",0.701104719,6.874591455,1.25,2.150000095,2.25,0,2.199999809,1.400000095,0,0.5,0,4.25,4.150000095,4.25,3,4.199999809,4.400000095,2.5,2.5,1.75
29-1141.01,Acute Care Nurses,0.701046284,6.875935459,1.050000191,2,2,0,2,1,0.700000048,1.849999905,1.799999952,4.050000191,4,4,2,4,4,3.700000048,3.849999905,3.799999952
19-1042.00,"Medical Scientists, Except Epidemiologists",0.700910806,6.87905146,1,1.25,2.150000095,0.25,2.25,1.75,0.299999952,0.950000048,0,4,3.25,4.150000095,3.25,4.25,4.75,3.299999952,2.950000048,1.75
19-1029.03,Geneticists,0.700676474,6.884441099,1,1.5,2.050000191,0.049999952,2.25,1.75,0,0.5,0,4,3.5,4.050000191,3.049999952,4.25,4.75,2.400000095,2.5,1.350000024
29-1129.01,Art Therapists,0.700484166,6.888864181,1.099999905,2.25,2.25,0.900000095,2,1,0.200000048,0.450000048,0,4.099999905,4.25,4.25,3.900000095,4,4,3.200000048,2.450000048,0.800000012
15-1221.00,Computer and Information Research Scientists,0.700469824,6.889194037,1,1.75,2.300000191,0.650000095,2.300000191,1.800000191,0,0,0,4,3.75,4.300000191,3.650000095,4.300000191,4.800000191,0,0,0
29-9093.00,Surgical Assistants,0.700267065,6.893857511,0,1.400000095,1.150000095,0,1.150000095,1,1,2.75,2.449999809,3,3.400000095,3.150000095,1.549999952,3.150000095,4,4,4.75,4.449999809
25-1112.00,"Law Teachers, Postsecondary",0.699802762,6.904536472,1.550000191,2,2.150000095,0.650000095,2.050000191,1.699999809,0,0,0,4.550000191,4,4.150000095,3.650000095,4.050000191,4.699999809,0,0,0
25-1123.00,"English Language and Literature Teachers, Postsecondary",0.699622498,6.908682544,1.75,2,1.950000048,1,2.050000191,1.449999809,0,0,0,4.75,4,3.950000048,4,4.050000191,4.449999809,0,0,0
29-1229.04,Physical Medicine and Rehabilitation Physicians,0.698474586,6.93508453,1,2,2.25,0,2.199999809,1.449999809,0.150000095,0.549999952,0,4,4,4.25,2.299999952,4.199999809,4.449999809,3.150000095,2.549999952,1
19-3034.00,School Psychologists,0.697837322,6.949741584,1.25,2.25,2.25,0,2.050000191,1.25,0,0,0,4.25,4.25,4.25,2.700000048,4.050000191,4.25,0.25,0,0
11-1011.03,Chief Sustainability Officers,0.696279193,6.985578559,1.050000191,2,2.25,0.200000048,2.25,1.25,0,0,0,4.050000191,4,4.25,3.200000048,4.25,4.25,0,0,0
29-1229.02,Hospitalists,0.695332313,7.007356796,1.050000191,2,2.150000095,0,2.099999905,1.449999809,0,0,0,4.050000191,4,4.150000095,2.049999952,4.099999905,4.449999809,2.849999905,1.049999952,0.850000024
29-1229.01,Allergists and Immunologists,0.693815511,7.042243256,1,2,1.799999952,0,2,1.699999809,0,1,0,4,4,3.799999952,2.150000095,4,4.699999809,2.900000095,3,1.600000024
19-2012.00,Physicists,0.69379849,7.04263474,1,1.25,2.25,0.5,2.25,1.75,0,0,0,4,3.25,4.25,3.5,4.25,4.75,2.150000095,1.649999976,1.350000024
29-9099.01,Midwives,0.692493055,7.072659743,1.050000191,2.099999905,2.050000191,0,1.950000048,1,0.25,1.549999952,1.75,4.050000191,4.099999905,4.050000191,2,3.950000048,4,3.25,3.549999952,3.75
25-1066.00,"Psychology Teachers, Postsecondary",0.691367224,7.098553848,1.5,2.050000191,2.25,0.700000048,2.25,1.75,0,0,0,4.5,4.050000191,4.25,3.700000048,4.25,4.75,0.050000001,0,0
25-1031.00,"Architecture Teachers, Postsecondary",0.688215682,7.171039316,1.5,2,2.150000095,0.549999952,2.199999809,1.650000095,0,0,0,4.5,4,4.150000095,3.549999952,4.199999809,4.650000095,2.5,0,0
11-3121.00,Human Resources Managers,0.687731343,7.182179105,1.25,2.25,2.25,0,2.199999809,1.25,0,0,0,4.25,4.25,4.25,2.299999952,4.199999809,4.25,0,0,0
29-1122.00,Occupational Therapists,0.68725706,7.193087617,1,2.099999905,2.150000095,0,2.050000191,1.150000095,0.25,1.400000095,1.549999952,4,4.099999905,4.150000095,2.700000048,4.050000191,4.150000095,3.25,3.400000095,3.549999952
11-9111.00,Medical and Health Services Managers,0.686862324,7.202166542,1,2,2.25,0,2.25,1.25,0,0,0,4,4,4.25,2.700000048,4.25,4.25,0.75,0,0.100000001
19-3039.02,Neuropsychologists,0.686147029,7.218618343,1.050000191,2.099999905,2.150000095,0,2,1.5,0,0,0,4.050000191,4.099999905,4.150000095,2.200000048,4,4.5,0.699999988,0,0
11-9161.00,Emergency Management Directors,0.68394939,7.269164036,1.150000095,2.050000191,2.25,0,2.25,1.25,0,0,0,4.150000095,4.050000191,4.25,2.900000095,4.25,4.25,1.700000048,0.600000024,0.649999976
11-9151.00,Social and Community Service Managers,0.683121164,7.288213223,1.150000095,2.25,2.25,0.25,2.25,1.25,0,0,0,4.150000095,4.25,4.25,3.25,4.25,4.25,0,0,0
29-1217.00,Neurologists,0.682902166,7.293250178,1,2,2.25,0,2,1.699999809,0.549999952,0,0,4,4,4.25,2.349999905,4,4.699999809,3.549999952,1.649999976,0.75
27-2021.00,Athletes and Sports Competitors,0.681435961,7.326972891,0.049999952,2,1.75,0,1.700000048,0.75,1.650000095,2.599999905,2.550000191,3.049999952,4,3.75,2.549999952,3.700000048,3.75,4.650000095,4.599999905,4.550000191
19-3041.00,Sociologists,0.681072446,7.335333751,1.449999809,2.199999809,2.5,0.25,2.25,1.75,0,0,0,4.449999809,4.199999809,4.5,3.25,4.25,4.75,0.25,0,0
27-2012.00,Producers and Directors,0.681069068,7.335411432,1.25,2.25,2.25,1.099999905,2.25,1.050000191,0.200000048,0,0,4.25,4.25,4.25,4.099999905,4.25,4.050000191,3.200000048,0,0.400000006
25-1061.00,"Anthropology and Archeology Teachers, Postsecondary",0.680532472,7.347753146,1.5,2,2.25,0.700000048,2.25,1.650000095,0,0,0,4.5,4,4.25,3.700000048,4.25,4.650000095,0.050000001,0,0
11-9033.00,"Education Administrators, Postsecondary",0.680141857,7.356737293,1.25,2.25,2.25,0.049999952,2.25,1.25,0,0,0,4.25,4.25,4.25,3.049999952,4.25,4.25,0.050000001,0,0
29-1216.00,General Internal Medicine Physicians,0.680136574,7.35685879,1,2,2.400000095,0,2.25,1.400000095,0,0.650000095,0,4,4,4.400000095,2.150000095,4.25,4.400000095,3,2.650000095,1.799999952
19-3039.03,Clinical Neuropsychologists,0.679783022,7.364990492,1.150000095,2.199999809,2.199999809,0,2,1.400000095,0,0,0,4.150000095,4.199999809,4.199999809,2.299999952,4,4.400000095,0.400000006,0,0
29-1123.00,Physical Therapists,0.678770981,7.388267428,0.75,2,1.900000095,0,1.950000048,1.099999905,0.650000095,1.949999809,1.900000095,3.75,4,3.900000095,2.150000095,3.950000048,4.099999905,3.650000095,3.949999809,3.900000095
19-3094.00,Political Scientists,0.678351002,7.397926958,1.5,2,2.5,0.75,2.25,1.650000095,0,0,0,4.5,4,4.5,3.75,4.25,4.650000095,0,0,0
25-1113.00,"Social Work Teachers, Postsecondary",0.677547906,7.416398172,1.5,2.25,2.25,0.549999952,2.199999809,1.550000191,0,0,0,4.5,4.25,4.25,3.549999952,4.199999809,4.550000191,0,0,0
49-9092.00,Commercial Divers,0.676618957,7.437763987,0,0.450000048,1.650000095,0,1.599999905,0.75,0.950000048,2.5,2.550000191,2.450000048,2.450000048,3.650000095,2,3.599999905,3.75,3.950000048,4.5,4.550000191
29-1071.00,Physician Assistants,0.675551527,7.46231488,1,2,1.849999905,0,2,1,0.549999952,1.700000048,1.599999905,4,4,3.849999905,2,4,4,3.549999952,3.700000048,3.599999905
21-1021.00,"Child, Family, and School Social Workers",0.675326989,7.467479247,1.25,2.349999905,2.400000095,0,2.25,1.199999809,0,0,0,4.25,4.349999905,4.400000095,2.650000095,4.25,4.199999809,0.25,0,0
19-3032.00,Industrial-Organizational Psychologists,0.674572381,7.48483523,1.150000095,2.25,2.25,0.150000095,2,1.150000095,0,0,0,4.150000095,4.25,4.25,3.150000095,4,4.150000095,0.25,0,0
19-1041.00,Epidemiologists,0.674223479,7.492859994,1,1.75,2.25,0,2.050000191,1.75,0,0,0,4,3.75,4.25,2.700000048,4.050000191,4.75,1.299999952,1.5,0.600000024
29-1141.02,Advanced Practice Psychiatric Nurses,0.672731273,7.527180727,1.25,2.300000191,2.300000191,0,2.050000191,1.050000191,0,0.349999905,0,4.25,4.300000191,4.300000191,2.450000048,4.050000191,4.050000191,1.899999976,2.349999905,1
23-1022.00,"Arbitrators, Mediators, and Conciliators",0.672625497,7.529613568,1.5,2.5,2.5,0,2.25,1.699999809,0,0,0,4.5,4.5,4.5,2.75,4.25,4.699999809,0,0,0
29-1129.02,Music Therapists,0.672246593,7.538328356,1.099999905,2.300000191,2.300000191,0.950000048,2,1.199999809,0,0.700000048,0,4.099999905,4.300000191,4.300000191,3.950000048,4,4.199999809,1.950000048,2.700000048,1.5
29-1141.03,Critical Care Nurses,0.666408256,7.672610123,0.950000048,2,2.050000191,0,1.950000048,1,0.349999905,1.549999952,1.75,3.950000048,4,4.050000191,2,3.950000048,4,3.349999905,3.549999952,3.75
21-1023.00,Mental Health and Substance Abuse Social Workers,0.665065121,7.703502216,1.25,2.599999905,2.550000191,0,2.199999809,1.199999809,0,0,0,4.25,4.599999905,4.550000191,2.799999952,4.199999809,4.199999809,0.25,0,0
29-1141.00,Registered Nurses,0.663773656,7.733205906,0.799999952,2,2,0,1.950000048,1,0.75,1.900000095,1.900000095,3.799999952,4,4,2.049999952,3.950000048,4,3.75,3.900000095,3.900000095
29-1213.00,Dermatologists,0.66367239,7.735535028,1,2,1.799999952,0,2,1.699999809,1,1.799999952,1.299999952,4,4,3.799999952,2.299999952,4,4.699999809,4,3.799999952,3.299999952
29-1021.00,"Dentists, General",0.663346896,7.743021386,0,1.5,1.299999952,0,1.25,1,1,2.5,1.849999905,3,3.5,3.299999952,2,3.25,4,4,4.5,3.849999905
11-9032.00,"Education Administrators, Kindergarten through Secondary",0.662550497,7.761338569,1.150000095,2.150000095,2.25,0,2.25,1.199999809,0,0,0,4.150000095,4.150000095,4.25,3,4.25,4.199999809,0,0,0
33-1021.00,First-Line Supervisors of Firefighting and Prevention Workers,0.662537724,7.761632345,0.299999952,2.050000191,2.199999809,0,2.25,0.849999905,0.799999952,1.349999905,2.099999905,3.299999952,4.050000191,4.199999809,2.150000095,4.25,3.849999905,3.799999952,3.349999905,4.099999905
53-2012.00,Commercial Pilots,0.661575776,7.783757144,0.049999952,1.299999952,1.700000048,0,1.849999905,1,1.349999905,1,2.25,3.049999952,3.299999952,3.700000048,1.899999976,3.849999905,4,4.349999905,3,4.25
29-1229.05,Preventive Medicine Physicians,0.658144893,7.862667452,1,2,2.25,0,2.25,1.599999905,0,0,0,4,4,4.25,2.849999905,4.25,4.599999905,0.100000001,0,0
29-1131.00,Veterinarians,0.654542074,7.945532293,1,1.950000048,2,0,2,1.400000095,1,2.199999809,1.75,4,3.950000048,4,2.049999952,4,4.400000095,4,4.199999809,3.75
29-1229.06,Sports Medicine Physicians,0.650888881,8.029555728,1.099999905,2,2.150000095,0,2.050000191,1.550000191,0.299999952,0.849999905,0,4.099999905,4,4.150000095,2.349999905,4.050000191,4.550000191,3.299999952,2.849999905,1.899999976
33-3021.00,Detectives and Criminal Investigators,0.644307008,8.180938824,1.25,2.25,2.550000191,0,2.150000095,1.199999809,0.900000095,0.5,1.300000191,4.25,4.25,4.550000191,2.75,4.150000095,4.199999809,3.900000095,2.5,3.300000191
21-1013.00,Marriage and Family Therapists,0.641354693,8.24884205,1.349999905,2.75,2.650000095,0.25,2.199999809,1.199999809,0,0,0,4.349999905,4.75,4.650000095,3.25,4.199999809,4.199999809,0.200000003,0,0
29-1151.00,Nurse Anesthetists,0.639864225,8.283122836,0.799999952,2,2,0,1.900000095,1.050000191,0.650000095,1.75,1.75,3.799999952,4,4,2,3.900000095,4.050000191,3.650000095,3.75,3.75
29-1161.00,Nurse Midwives,0.637781796,8.3310187,1,2.199999809,2.199999809,0,2,1.25,0.650000095,1.849999905,1.900000095,4,4.199999809,4.199999809,2.049999952,4,4.25,3.650000095,3.849999905,3.900000095
21-2011.00,Clergy,0.634794097,8.39973576,1.5,2.650000095,2.5,0.849999905,2,1.050000191,0,0,0,4.5,4.650000095,4.5,3.849999905,4,4.050000191,0.050000001,0,0
29-1221.00,"Pediatricians, General",0.634138834,8.414806827,1.150000095,2.150000095,2.150000095,0,2.050000191,1.699999809,0.400000095,1.75,1.400000095,4.150000095,4.150000095,4.150000095,2.349999905,4.050000191,4.699999809,3.400000095,3.75,3.400000095
19-3033.00,Clinical and Counseling Psychologists,0.633911844,8.42002758,1.25,2.550000191,2.650000095,0.299999952,2.199999809,1.449999809,0,0,0,4.25,4.550000191,4.650000095,3.299999952,4.199999809,4.449999809,1.899999976,0,0
53-2011.00,"Airline Pilots, Copilots, and Flight Engineers",0.632780606,8.446046068,0,1.549999952,1.849999905,0,1.950000048,1,1.200000286,0.450000048,2.150000095,3,3.549999952,3.849999905,1.899999976,3.950000048,4,4.200000286,2.450000048,4.150000095
21-1014.00,Mental Health Counselors,0.625348511,8.616984238,1.5,2.75,2.699999809,0.299999952,2.349999905,1.349999905,0,0,0,4.5,4.75,4.699999809,3.299999952,4.349999905,4.349999905,0.300000012,0,0
29-1022.00,Oral and Maxillofacial Surgeons,0.612568596,8.910922299,0.049999952,1.75,2.050000191,0,2.050000191,1.25,1.25,2.599999905,2.050000191,3.049999952,3.75,4.050000191,2.299999952,4.050000191,4.25,4.25,4.599999905,4.050000191
29-1215.00,Family Medicine Physicians,0.604567501,9.094947476,1.150000095,2.150000095,2.25,0,2.199999809,1.800000191,0.650000095,2.099999905,1.949999809,4.150000095,4.150000095,4.25,2.299999952,4.199999809,4.800000191,3.650000095,4.099999905,3.949999809
29-1211.00,Anesthesiologists,0.591357184,9.398784768,1,2,2.150000095,0,2.050000191,1.650000095,0.5,1.849999905,1.75,4,4,4.150000095,2.25,4.050000191,4.650000095,3.5,3.849999905,3.75
23-1023.00,"Judges, Magistrate Judges, and Magistrates",0.586849104,9.502470597,1.75,2.300000191,3,0.25,2.699999809,2,0,0,0,4.75,4.300000191,5,3.25,4.699999809,5,0.150000006,0,0
23-1011.00,Lawyers,0.58562925,9.530527251,1.599999905,2.349999905,2.599999905,0.450000048,2.599999905,1.699999809,0,0,0,4.599999905,4.349999905,4.599999905,3.450000048,4.599999905,4.699999809,0.25,0,0
33-3051.00,Police and Sheriff's Patrol Officers,0.585391263,9.536000957,1.150000095,2.25,2.300000191,0,2,0.950000048,1.25,1.150000095,2.75,4.150000095,4.25,4.300000191,2,4,3.950000048,4.25,3.150000095,4.75
29-1223.00,Psychiatrists,0.575743231,9.75790569,1.699999809,2.75,2.75,0,2.699999809,1.75,0,0,0,4.699999809,4.75,4.75,2.950000048,4.699999809,4.75,1.049999952,0,0
29-1229.03,Urologists,0.57115482,9.863439142,1,2,2.050000191,0,2.099999905,1.400000095,0.799999952,2.699999809,1.900000095,4,4,4.050000191,2.200000048,4.099999905,4.400000095,3.799999952,4.699999809,3.900000095
33-2011.00,Firefighters,0.56476631,10.01037486,0,1.799999952,2.449999809,0,2.050000191,0.849999905,1.699999809,2.75,2.75,3,3.799999952,4.449999809,2.049999952,4.050000191,3.849999905,4.699999809,4.75,4.75
29-1218.00,Obstetricians and Gynecologists,0.547202844,10.41433459,1.099999905,2.099999905,2.150000095,0,2.150000095,1.550000191,1.050000191,2.699999809,2.050000191,4.099999905,4.099999905,4.150000095,2.25,4.150000095,4.550000191,4.050000191,4.699999809,4.050000191
29-1241.00,"Ophthalmologists, Except Pediatric",0.540997757,10.5570516,1,2,1.950000048,0,1.950000048,1.75,1.550000191,2.599999905,1.650000095,4,4,3.950000048,2.150000095,3.950000048,4.75,4.550000191,4.599999905,3.650000095
11-1011.00,Chief Executives,0.491063173,11.70554703,1.699999809,2.75,2.949999809,0.75,2.949999809,2,0,0,0,4.699999809,4.75,4.949999809,3.75,4.949999809,5,0.050000001,0,0
